date,industry_group,industry_rank,average_10d_return,confirmed_signal_pct
2026-05-06,Semiconductors,1,0.235571,0.636364
2026-05-06,AI Infrastructure,2,0.064567,0.500000
2026-05-06,Renewables,3,0.062470,0.200000
2026-05-06,Nuclear,4,0.047801,0.125000
2026-05-06,Market ETFs,5,0.033652,0.833333
2026-05-06,Defensive Staples,6,0.030623,0.333333
2026-05-06,Energy Storage,7,0.029238,0.200000
2026-05-06,Adtech,8,0.029173,0.500000
2026-05-06,Robotics Automation,9,0.028260,0.166667
2026-05-06,Cybersecurity,10,0.005888,0.333333
2026-05-06,Defensive Healthcare,11,-0.002783,0.166667
2026-05-06,Cloud Software,12,-0.040470,0.000000
2026-05-06,Consumer Platforms,13,-0.045768,0.000000
2026-05-06,Space,14,-0.050815,0.000000
2026-05-06,Defense,15,-0.055448,0.142857
2026-05-06,Fintech,16,-0.070954,0.000000
2026-05-06,Defense Drones,17,-0.162004,0.000000
2026-05-07,Semiconductors,1,0.191352,0.636364
2026-05-07,Cloud Software,2,0.163899,0.833333
2026-05-07,Cybersecurity,3,0.148860,0.833333
2026-05-07,Adtech,4,0.085706,0.500000
2026-05-07,Energy Storage,5,0.038940,0.400000
2026-05-07,AI Infrastructure,6,0.037366,0.500000
2026-05-07,Market ETFs,7,0.032038,0.833333
2026-05-07,Renewables,8,0.012955,0.000000
2026-05-07,Defensive Staples,9,0.011784,0.166667
2026-05-07,Robotics Automation,10,0.009344,0.166667
2026-05-07,Nuclear,11,-0.003989,0.000000
2026-05-07,Defensive Healthcare,12,-0.013444,0.000000
2026-05-07,Consumer Platforms,13,-0.024423,0.166667
2026-05-07,Fintech,14,-0.039510,0.166667
2026-05-07,Defense,15,-0.052044,0.142857
2026-05-07,Space,16,-0.075526,0.000000
2026-05-07,Defense Drones,17,-0.156016,0.000000
2026-05-08,Semiconductors,1,0.178319,0.545455
2026-05-08,Cybersecurity,2,0.168655,0.833333
2026-05-08,Cloud Software,3,0.152062,0.666667
2026-05-08,Energy Storage,4,0.149617,0.400000
2026-05-08,Space,5,0.139269,0.181818
2026-05-08,Adtech,6,0.058816,0.500000
2026-05-08,AI Infrastructure,7,0.056179,0.333333
2026-05-08,Renewables,8,0.041475,0.200000
2026-05-08,Market ETFs,9,0.033885,0.833333
2026-05-08,Nuclear,10,0.012692,0.000000
2026-05-08,Defensive Staples,11,0.007570,0.166667
2026-05-08,Robotics Automation,12,0.001400,0.166667
2026-05-08,Defensive Healthcare,13,-0.011026,0.166667
2026-05-08,Defense,14,-0.032331,0.142857
2026-05-08,Consumer Platforms,15,-0.041718,0.000000
2026-05-08,Fintech,16,-0.046884,0.000000
2026-05-08,Defense Drones,17,-0.105294,0.000000
2026-05-11,Space,1,0.230648,0.454545
2026-05-11,Semiconductors,2,0.210165,0.545455
2026-05-11,Energy Storage,3,0.175903,0.400000
2026-05-11,Cybersecurity,4,0.155411,0.833333
2026-05-11,Cloud Software,5,0.119482,0.333333
2026-05-11,Renewables,6,0.069666,0.400000
2026-05-11,AI Infrastructure,7,0.061053,0.500000
2026-05-11,Market ETFs,8,0.035477,0.833333
2026-05-11,Adtech,9,0.014430,0.333333
2026-05-11,Nuclear,10,0.006121,0.000000
2026-05-11,Defensive Staples,11,0.002274,0.166667
2026-05-11,Robotics Automation,12,-0.000407,0.166667
2026-05-11,Defensive Healthcare,13,-0.003055,0.166667
2026-05-11,Fintech,14,-0.019566,0.166667
2026-05-11,Defense,15,-0.028998,0.000000
2026-05-11,Consumer Platforms,16,-0.053947,0.000000
2026-05-11,Defense Drones,17,-0.089868,0.000000
2026-05-12,Space,1,0.217418,0.545455
2026-05-12,Semiconductors,2,0.202661,0.636364
2026-05-12,Energy Storage,3,0.161435,0.400000
2026-05-12,Cybersecurity,4,0.143281,0.500000
2026-05-12,Cloud Software,5,0.114803,0.333333
2026-05-12,AI Infrastructure,6,0.080860,0.500000
2026-05-12,Renewables,7,0.074238,0.400000
2026-05-12,Market ETFs,8,0.038260,1.000000
2026-05-12,Robotics Automation,9,0.037771,0.166667
2026-05-12,Adtech,10,0.020427,0.333333
2026-05-12,Nuclear,11,0.019611,0.000000
2026-05-12,Defensive Healthcare,12,0.011506,0.166667
2026-05-12,Defensive Staples,13,0.005259,0.166667
2026-05-12,Consumer Platforms,14,-0.018653,0.166667
2026-05-12,Defense,15,-0.019999,0.000000
2026-05-12,Fintech,16,-0.020350,0.166667
2026-05-12,Defense Drones,17,-0.067241,0.000000
2026-05-13,Space,1,0.276339,0.727273
2026-05-13,Energy Storage,2,0.233887,0.400000
2026-05-13,Semiconductors,3,0.195099,0.545455
2026-05-13,Cybersecurity,4,0.163632,0.500000
2026-05-13,Renewables,5,0.161586,0.800000
2026-05-13,Cloud Software,6,0.105074,0.333333
2026-05-13,AI Infrastructure,7,0.095116,0.500000
2026-05-13,Robotics Automation,8,0.079450,0.333333
2026-05-13,Market ETFs,9,0.044038,0.666667
2026-05-13,Nuclear,10,0.043179,0.000000
2026-05-13,Defensive Healthcare,11,0.017630,0.166667
2026-05-13,Fintech,12,0.011307,0.166667
2026-05-13,Defensive Staples,13,0.009166,0.166667
2026-05-13,Defense,14,-0.036428,0.000000
2026-05-13,Adtech,15,-0.039286,0.000000
2026-05-13,Consumer Platforms,16,-0.044332,0.000000
2026-05-13,Defense Drones,17,-0.082256,0.000000
2026-05-14,Space,1,0.260686,0.636364
2026-05-14,Energy Storage,2,0.257499,0.800000
2026-05-14,Cybersecurity,3,0.221737,0.666667
2026-05-14,Semiconductors,4,0.164190,0.454545
2026-05-14,Cloud Software,5,0.131966,0.333333
2026-05-14,Renewables,6,0.128920,0.600000
2026-05-14,AI Infrastructure,7,0.087396,0.500000
2026-05-14,Robotics Automation,8,0.044978,0.500000
2026-05-14,Market ETFs,9,0.038184,1.000000
2026-05-14,Fintech,10,0.032534,0.333333
2026-05-14,Defensive Healthcare,11,0.008073,0.166667
2026-05-14,Defensive Staples,12,0.000708,0.666667
2026-05-14,Adtech,13,-0.040772,0.000000
2026-05-14,Nuclear,14,-0.041002,0.000000
2026-05-14,Consumer Platforms,15,-0.044985,0.000000
2026-05-14,Defense,16,-0.047915,0.000000
2026-05-14,Defense Drones,17,-0.057709,0.000000
2026-05-15,Energy Storage,1,0.307112,0.400000
2026-05-15,Space,2,0.223961,0.545455
2026-05-15,Cybersecurity,3,0.220688,0.500000
2026-05-15,Cloud Software,4,0.125512,0.333333
2026-05-15,Renewables,5,0.119084,0.600000
2026-05-15,Semiconductors,6,0.104742,0.272727
2026-05-15,AI Infrastructure,7,0.058153,0.333333
2026-05-15,Market ETFs,8,0.019748,0.333333
2026-05-15,Robotics Automation,9,0.015642,0.166667
2026-05-15,Defensive Healthcare,10,0.001172,0.166667
2026-05-15,Defensive Staples,11,-0.002540,0.666667
2026-05-15,Fintech,12,-0.024336,0.166667
2026-05-15,Consumer Platforms,13,-0.043235,0.000000
2026-05-15,Defense,14,-0.055630,0.000000
2026-05-15,Adtech,15,-0.058196,0.166667
2026-05-15,Nuclear,16,-0.083730,0.000000
2026-05-15,Defense Drones,17,-0.085309,0.000000
2026-05-18,Energy Storage,1,0.258816,0.400000
2026-05-18,Cybersecurity,2,0.257152,0.666667
2026-05-18,Space,3,0.253647,0.545455
2026-05-18,Cloud Software,4,0.151512,0.500000
2026-05-18,Semiconductors,5,0.102059,0.181818
2026-05-18,Renewables,6,0.085559,0.600000
2026-05-18,Market ETFs,7,0.023139,0.166667
2026-05-18,Defensive Staples,8,0.022794,0.666667
2026-05-18,AI Infrastructure,9,0.022154,0.000000
2026-05-18,Robotics Automation,10,0.016897,0.166667
2026-05-18,Defensive Healthcare,11,0.007277,0.333333
2026-05-18,Consumer Platforms,12,-0.019738,0.166667
2026-05-18,Defense,13,-0.036615,0.000000
2026-05-18,Fintech,14,-0.044300,0.000000
2026-05-18,Adtech,15,-0.048031,0.166667
2026-05-18,Defense Drones,16,-0.077682,0.000000
2026-05-18,Nuclear,17,-0.120906,0.000000
2026-05-19,Space,1,0.276081,0.454545
2026-05-19,Cybersecurity,2,0.260406,0.833333
2026-05-19,Cloud Software,3,0.166270,0.500000
2026-05-19,Energy Storage,4,0.134401,0.000000
2026-05-19,Semiconductors,5,0.050573,0.090909
2026-05-19,Defensive Staples,6,0.022714,0.666667
2026-05-19,Defensive Healthcare,7,0.022084,0.166667
2026-05-19,Renewables,8,0.016687,0.400000
2026-05-19,Market ETFs,9,0.005723,0.000000
2026-05-19,AI Infrastructure,10,-0.007169,0.000000
2026-05-19,Defense,11,-0.007729,0.000000
2026-05-19,Consumer Platforms,12,-0.033383,0.166667
2026-05-19,Fintech,13,-0.036221,0.000000
2026-05-19,Robotics Automation,14,-0.039010,0.166667
2026-05-19,Defense Drones,15,-0.061643,0.000000
2026-05-19,Adtech,16,-0.066026,0.000000
2026-05-19,Nuclear,17,-0.144423,0.000000
2026-05-20,Cybersecurity,1,0.298085,1.000000
2026-05-20,Space,2,0.225979,0.454545
2026-05-20,Energy Storage,3,0.199684,0.400000
2026-05-20,Cloud Software,4,0.183168,0.666667
2026-05-20,Semiconductors,5,0.037609,0.000000
2026-05-20,Renewables,6,0.032953,0.200000
2026-05-20,Defensive Healthcare,7,0.015052,0.000000
2026-05-20,Defensive Staples,8,0.010145,0.500000
2026-05-20,Market ETFs,9,0.005091,0.166667
2026-05-20,Defense,10,-0.010984,0.000000
2026-05-20,Fintech,11,-0.021560,0.000000
2026-05-20,AI Infrastructure,12,-0.027672,0.000000
2026-05-20,Consumer Platforms,13,-0.037650,0.166667
2026-05-20,Robotics Automation,14,-0.043121,0.000000
2026-05-20,Adtech,15,-0.055849,0.166667
2026-05-20,Defense Drones,16,-0.059570,0.000000
2026-05-20,Nuclear,17,-0.180737,0.000000
2026-05-21,Space,1,0.335810,0.454545
2026-05-21,Energy Storage,2,0.286117,0.400000
2026-05-21,Cybersecurity,3,0.193562,0.666667
2026-05-21,Semiconductors,4,0.088579,0.090909
2026-05-21,Renewables,5,0.050644,0.200000
2026-05-21,Cloud Software,6,0.042770,0.333333
2026-05-21,AI Infrastructure,7,0.032451,0.000000
2026-05-21,Defensive Healthcare,8,0.027422,0.333333
2026-05-21,Market ETFs,9,0.014695,0.166667
2026-05-21,Defense Drones,10,0.005700,0.000000
2026-05-21,Defensive Staples,11,-0.003994,0.500000
2026-05-21,Defense,12,-0.006868,0.000000
2026-05-21,Fintech,13,-0.014823,0.000000
2026-05-21,Robotics Automation,14,-0.018339,0.000000
2026-05-21,Consumer Platforms,15,-0.020424,0.166667
2026-05-21,Adtech,16,-0.052670,0.000000
2026-05-21,Nuclear,17,-0.097446,0.000000
2026-05-22,Space,1,0.258074,0.636364
2026-05-22,Energy Storage,2,0.236320,0.400000
2026-05-22,Cybersecurity,3,0.191454,0.833333
2026-05-22,Cloud Software,4,0.073696,0.666667
2026-05-22,AI Infrastructure,5,0.060396,0.000000
2026-05-22,Renewables,6,0.058964,0.400000
2026-05-22,Semiconductors,7,0.050577,0.181818
2026-05-22,Defensive Healthcare,8,0.048525,0.500000
2026-05-22,Robotics Automation,9,0.023572,0.000000
2026-05-22,Defense Drones,10,0.016943,0.000000
2026-05-22,Defense,11,0.011707,0.285714
2026-05-22,Market ETFs,12,0.010944,0.166667
2026-05-22,Consumer Platforms,13,0.004772,0.166667
2026-05-22,Defensive Staples,14,-0.004060,0.333333
2026-05-22,Fintech,15,-0.038220,0.000000
2026-05-22,Adtech,16,-0.040907,0.000000
2026-05-22,Nuclear,17,-0.070031,0.000000
2026-05-26,Energy Storage,1,0.290773,0.600000
2026-05-26,Space,2,0.261573,0.545455
2026-05-26,Cybersecurity,3,0.200091,1.000000
2026-05-26,AI Infrastructure,4,0.095890,0.333333
2026-05-26,Semiconductors,5,0.080049,0.272727
2026-05-26,Cloud Software,6,0.073886,0.333333
2026-05-26,Renewables,7,0.056902,0.400000
2026-05-26,Robotics Automation,8,0.051129,0.166667
2026-05-26,Defense Drones,9,0.034829,0.200000
2026-05-26,Defensive Healthcare,10,0.031539,0.500000
2026-05-26,Market ETFs,11,0.017608,1.000000
2026-05-26,Defense,12,0.016320,0.428571
2026-05-26,Adtech,13,0.015143,0.333333
2026-05-26,Consumer Platforms,14,0.014616,0.166667
2026-05-26,Defensive Staples,15,-0.006042,0.000000
2026-05-26,Fintech,16,-0.050231,0.000000
2026-05-26,Nuclear,17,-0.063137,0.000000
2026-05-27,Space,1,0.402670,0.909091
2026-05-27,Energy Storage,2,0.375520,0.800000
2026-05-27,AI Infrastructure,3,0.106588,0.333333
2026-05-27,Cybersecurity,4,0.103020,0.666667
2026-05-27,Semiconductors,5,0.099257,0.545455
2026-05-27,Defense Drones,6,0.094512,0.200000
2026-05-27,Renewables,7,0.091760,0.400000
2026-05-27,Cloud Software,8,0.074925,0.500000
2026-05-27,Adtech,9,0.051337,0.500000
2026-05-27,Robotics Automation,10,0.021595,0.166667
2026-05-27,Market ETFs,11,0.021501,1.000000
2026-05-27,Defensive Healthcare,12,0.019094,0.500000
2026-05-27,Consumer Platforms,13,0.012076,0.333333
2026-05-27,Defense,14,-0.006369,0.142857
2026-05-27,Defensive Staples,15,-0.007782,0.333333
2026-05-27,Fintech,16,-0.023710,0.166667
2026-05-27,Nuclear,17,-0.038968,0.000000
2026-05-28,Space,1,0.413394,0.818182
2026-05-28,Defense Drones,2,0.408299,0.800000
2026-05-28,Energy Storage,3,0.302776,0.800000
2026-05-28,Cloud Software,4,0.194849,0.500000
2026-05-28,Adtech,5,0.135049,0.666667
2026-05-28,Cybersecurity,6,0.125283,0.666667
2026-05-28,AI Infrastructure,7,0.120444,0.500000
2026-05-28,Semiconductors,8,0.098800,0.454545
2026-05-28,Renewables,9,0.064595,0.400000
2026-05-28,Fintech,10,0.052414,0.333333
2026-05-28,Consumer Platforms,11,0.044118,0.333333
2026-05-28,Market ETFs,12,0.022550,1.000000
2026-05-28,Defense,13,0.018602,0.428571
2026-05-28,Defensive Healthcare,14,0.010809,0.333333
2026-05-28,Robotics Automation,15,0.010143,0.166667
2026-05-28,Nuclear,16,0.003453,0.250000
2026-05-28,Defensive Staples,17,-0.013573,0.333333
2026-05-29,Space,1,0.318810,0.545455
2026-05-29,Defense Drones,2,0.283594,0.600000
2026-05-29,Cloud Software,3,0.267049,0.571429
2026-05-29,Quantum Computing,4,0.254046,1.000000
2026-05-29,Cybersecurity,5,0.230941,0.833333
2026-05-29,AI Infrastructure,6,0.209013,0.500000
2026-05-29,Energy Storage,7,0.178204,0.400000
2026-05-29,Adtech,8,0.143618,1.000000
2026-05-29,Semiconductors,9,0.103156,0.363636
2026-05-29,Renewables,10,0.075107,0.400000
2026-05-29,Fintech,11,0.056597,0.666667
2026-05-29,Consumer Platforms,12,0.028309,0.333333
2026-05-29,Market ETFs,13,0.025726,0.857143
2026-05-29,Nuclear,14,0.018844,0.250000
2026-05-29,Defense,15,0.007548,0.571429
2026-05-29,Defensive Healthcare,16,-0.001617,0.000000
2026-05-29,Robotics Automation,17,-0.016562,0.166667
2026-05-29,Defensive Staples,18,-0.039212,0.000000
2026-06-01,Defense Drones,1,0.351492,0.600000
2026-06-01,Cloud Software,2,0.342259,0.714286
2026-06-01,Quantum Computing,3,0.333590,1.000000
2026-06-01,AI Infrastructure,4,0.321904,0.666667
2026-06-01,Cybersecurity,5,0.295419,0.833333
2026-06-01,Space,6,0.257610,0.181818
2026-06-01,Energy Storage,7,0.184162,0.200000
2026-06-01,Semiconductors,8,0.180603,0.363636
2026-06-01,Telecom Infrastructure,9,0.164875,0.000000
2026-06-01,Adtech,10,0.163911,1.000000
2026-06-01,Fintech,11,0.084617,0.666667
2026-06-01,Nuclear,12,0.074303,0.500000
2026-06-01,Market ETFs,13,0.052695,0.857143
2026-06-01,Consumer Platforms,14,0.050076,0.166667
2026-06-01,Renewables,15,0.046460,0.200000
2026-06-01,Robotics Automation,16,0.014609,0.166667
2026-06-01,Defense,17,0.001720,0.142857
2026-06-01,Defensive Healthcare,18,-0.002420,0.000000
2026-06-01,Defensive Staples,19,-0.051646,0.000000
2026-06-02,Defense Drones,1,0.351492,0.600000
2026-06-02,Cloud Software,2,0.335237,0.750000
2026-06-02,Quantum Computing,3,0.333590,1.000000
2026-06-02,AI Infrastructure,4,0.321904,0.666667
2026-06-02,Cybersecurity,5,0.295419,0.833333
2026-06-02,Space,6,0.257610,0.181818
2026-06-02,Energy Storage,7,0.184162,0.200000
2026-06-02,Telecom Infrastructure,8,0.164875,0.000000
2026-06-02,Adtech,9,0.163911,1.000000
2026-06-02,Semiconductors,10,0.138854,0.277778
2026-06-02,Fintech,11,0.084617,0.666667
2026-06-02,Nuclear,12,0.074303,0.500000
2026-06-02,Market ETFs,13,0.049603,0.875000
2026-06-02,Renewables,14,0.046460,0.200000
2026-06-02,Consumer Platforms,15,0.023968,0.111111
2026-06-02,Consumer Hardware,16,0.020251,0.000000
2026-06-02,Robotics Automation,17,0.014609,0.166667
2026-06-02,Defense,18,0.001720,0.142857
2026-06-02,Defensive Healthcare,19,-0.002420,0.000000
2026-06-02,Electric Vehicles,20,-0.015062,0.000000
2026-06-02,Defensive Staples,21,-0.051646,0.000000
2026-06-03,Quantum Computing,1,0.408547,1.000000
2026-06-03,AI Infrastructure,2,0.403965,0.833333
2026-06-03,Defense Drones,3,0.299860,0.600000
2026-06-03,Energy Storage,4,0.287583,0.600000
2026-06-03,Semiconductors,5,0.241459,0.666667
2026-06-03,Telecom Infrastructure,6,0.223848,0.000000
2026-06-03,Cloud Software,7,0.167292,0.375000
2026-06-03,Cybersecurity,8,0.154069,0.833333
2026-06-03,Renewables,9,0.146560,0.600000
2026-06-03,Nuclear,10,0.137624,0.500000
2026-06-03,Space,11,0.090858,0.090909
2026-06-03,Adtech,12,0.078440,0.500000
2026-06-03,Robotics Automation,13,0.067104,0.333333
2026-06-03,Market ETFs,14,0.056639,0.875000
2026-06-03,Electric Vehicles,15,0.048477,0.000000
2026-06-03,Consumer Hardware,16,0.037763,0.000000
2026-06-03,Fintech,17,0.008708,0.333333
2026-06-03,Consumer Platforms,18,0.002595,0.111111
2026-06-03,Defensive Healthcare,19,-0.009325,0.166667
2026-06-03,Defense,20,-0.032302,0.000000
2026-06-03,Defensive Staples,21,-0.067628,0.000000
2026-06-04,AI Infrastructure,1,0.339626,0.833333
2026-06-04,Defense Drones,2,0.322367,0.200000
2026-06-04,Quantum Computing,3,0.251382,0.000000
2026-06-04,Energy Storage,4,0.237179,0.200000
2026-06-04,Telecom Infrastructure,5,0.220264,0.000000
2026-06-04,Cloud Software,6,0.176480,0.625000
2026-06-04,Semiconductors,7,0.164215,0.500000
2026-06-04,Renewables,8,0.128872,0.400000
2026-06-04,Space,9,0.117862,0.181818
2026-06-04,Cybersecurity,10,0.116718,0.500000
2026-06-04,Adtech,11,0.106320,0.500000
2026-06-04,Nuclear,12,0.073982,0.250000
2026-06-04,Market ETFs,13,0.044277,0.875000
2026-06-04,Defensive Healthcare,14,0.033891,0.166667
2026-06-04,Consumer Hardware,15,0.029711,0.000000
2026-06-04,Robotics Automation,16,0.025576,0.333333
2026-06-04,Fintech,17,0.017318,0.333333
2026-06-04,Consumer Platforms,18,0.012773,0.111111
2026-06-04,Electric Vehicles,19,0.002852,0.000000
2026-06-04,Defense,20,-0.007249,0.000000
2026-06-04,Defensive Staples,21,-0.061739,0.000000
2026-06-05,AI Infrastructure,1,0.209694,0.166667
2026-06-05,Defense Drones,2,0.150797,0.000000
2026-06-05,Cloud Software,3,0.137876,0.000000
2026-06-05,Cybersecurity,4,0.071159,0.166667
2026-06-05,Adtech,5,0.063604,0.166667
2026-06-05,Semiconductors,6,0.034352,0.222222
2026-06-05,Defensive Healthcare,7,0.034152,0.166667
2026-06-05,Renewables,8,0.026991,0.000000
2026-06-05,Telecom Infrastructure,9,0.014104,0.000000
2026-06-05,Consumer Hardware,10,0.007705,0.000000
2026-06-05,Market ETFs,11,0.003642,0.000000
2026-06-05,Defense,12,-0.000241,0.000000
2026-06-05,Energy Storage,13,-0.013228,0.000000
2026-06-05,Consumer Platforms,14,-0.016203,0.111111
2026-06-05,Defensive Staples,15,-0.026854,0.000000
2026-06-05,Space,16,-0.031192,0.000000
2026-06-05,Quantum Computing,17,-0.035830,0.000000
2026-06-05,Fintech,18,-0.037898,0.000000
2026-06-05,Robotics Automation,19,-0.040759,0.000000
2026-06-05,Nuclear,20,-0.061383,0.000000
2026-06-05,Electric Vehicles,21,-0.064258,0.000000
2026-06-08,AI Infrastructure,1,0.147411,0.166667
2026-06-08,Defense Drones,2,0.109711,0.000000
2026-06-08,Cloud Software,3,0.107461,0.000000
2026-06-08,Semiconductors,4,0.058581,0.222222
2026-06-08,Adtech,5,0.043282,0.000000
2026-06-08,Cybersecurity,6,0.023581,0.000000
2026-06-08,Defensive Healthcare,7,0.011554,0.166667
2026-06-08,Fintech,8,0.009016,0.000000
2026-06-08,Market ETFs,9,0.000787,0.000000
2026-06-08,Quantum Computing,10,-0.013199,0.000000
2026-06-08,Consumer Platforms,11,-0.020890,0.111111
2026-06-08,Consumer Hardware,12,-0.023574,0.000000
2026-06-08,Renewables,13,-0.024607,0.000000
2026-06-08,Defense,14,-0.024997,0.000000
2026-06-08,Defensive Staples,15,-0.030146,0.000000
2026-06-08,Energy Storage,16,-0.030530,0.000000
2026-06-08,Electric Vehicles,17,-0.040046,0.000000
2026-06-08,Robotics Automation,18,-0.054024,0.000000
2026-06-08,Telecom Infrastructure,19,-0.056884,0.000000
2026-06-08,Nuclear,20,-0.064242,0.000000
2026-06-08,Space,21,-0.128630,0.000000
2026-06-09,Cloud Software,1,0.086152,0.000000
2026-06-09,AI Infrastructure,2,0.078066,0.000000
2026-06-09,Defensive Healthcare,3,0.038813,0.166667
2026-06-09,Adtech,4,0.036207,0.000000
2026-06-09,Defense Drones,5,0.007834,0.000000
2026-06-09,Cybersecurity,6,0.000376,0.000000
2026-06-09,Defensive Staples,7,-0.002193,0.000000
2026-06-09,Semiconductors,8,-0.011800,0.166667
2026-06-09,Defense,9,-0.015612,0.000000
2026-06-09,Market ETFs,10,-0.016416,0.000000
2026-06-09,Fintech,11,-0.017611,0.000000
2026-06-09,Consumer Platforms,12,-0.020425,0.000000
2026-06-09,Consumer Hardware,13,-0.057665,0.000000
2026-06-09,Robotics Automation,14,-0.072609,0.000000
2026-06-09,Renewables,15,-0.077437,0.000000
2026-06-09,Electric Vehicles,16,-0.085127,0.000000
2026-06-09,Quantum Computing,17,-0.108928,0.000000
2026-06-09,Energy Storage,18,-0.116925,0.000000
2026-06-09,Nuclear,19,-0.153543,0.000000
2026-06-09,Telecom Infrastructure,20,-0.158566,0.000000
2026-06-09,Space,21,-0.221066,0.000000
2026-06-10,Cloud Software,1,0.087539,0.000000
2026-06-10,Cybersecurity,2,0.085915,0.000000
2026-06-10,Defensive Healthcare,3,0.026649,0.166667
2026-06-10,Defensive Staples,4,0.000702,0.166667
2026-06-10,AI Infrastructure,5,-0.002226,0.000000
2026-06-10,Adtech,6,-0.021372,0.166667
2026-06-10,Defense,7,-0.026723,0.000000
2026-06-10,Semiconductors,8,-0.031181,0.111111
2026-06-10,Market ETFs,9,-0.032633,0.000000
2026-06-10,Fintech,10,-0.040318,0.000000
2026-06-10,Consumer Platforms,11,-0.044045,0.000000
2026-06-10,Consumer Hardware,12,-0.061991,0.000000
2026-06-10,Defense Drones,13,-0.069579,0.000000
2026-06-10,Robotics Automation,14,-0.103070,0.000000
2026-06-10,Electric Vehicles,15,-0.133459,0.000000
2026-06-10,Quantum Computing,16,-0.134098,0.000000
2026-06-10,Renewables,17,-0.137785,0.000000
2026-06-10,Telecom Infrastructure,18,-0.145408,0.000000
2026-06-10,Energy Storage,19,-0.188699,0.000000
2026-06-10,Nuclear,20,-0.190226,0.000000
2026-06-10,Space,21,-0.271226,0.000000
2026-06-11,Cybersecurity,1,0.079862,0.000000
2026-06-11,Semiconductors,2,0.034426,0.111111
2026-06-11,Defensive Healthcare,3,0.032047,0.000000
2026-06-11,AI Infrastructure,4,0.028052,0.000000
2026-06-11,Defensive Staples,5,0.000824,0.000000
2026-06-11,Defense,6,-0.008096,0.000000
2026-06-11,Market ETFs,7,-0.015525,0.000000
2026-06-11,Cloud Software,8,-0.019005,0.000000
2026-06-11,Adtech,9,-0.038193,0.000000
2026-06-11,Fintech,10,-0.046598,0.000000
2026-06-11,Consumer Platforms,11,-0.049245,0.000000
2026-06-11,Robotics Automation,12,-0.051127,0.000000
2026-06-11,Consumer Hardware,13,-0.054014,0.000000
2026-06-11,Telecom Infrastructure,14,-0.077880,0.000000
2026-06-11,Electric Vehicles,15,-0.097150,0.000000
2026-06-11,Renewables,16,-0.105587,0.000000
2026-06-11,Energy Storage,17,-0.122438,0.000000
2026-06-11,Nuclear,18,-0.154189,0.000000
2026-06-11,Defense Drones,19,-0.163038,0.000000
2026-06-11,Quantum Computing,20,-0.173225,0.000000
2026-06-11,Space,21,-0.194353,0.000000
2026-06-12,Semiconductors,1,0.057480,0.222222
2026-06-12,Defensive Healthcare,2,0.046603,0.333333
2026-06-12,Defensive Staples,3,0.027382,0.833333
2026-06-12,Telecom Infrastructure,4,-0.002695,0.000000
2026-06-12,Defense,5,-0.004511,0.000000
2026-06-12,Adtech,6,-0.005775,0.000000
2026-06-12,Market ETFs,7,-0.010741,0.000000
2026-06-12,Robotics Automation,8,-0.022696,0.000000
2026-06-12,Cybersecurity,9,-0.032210,0.000000
2026-06-12,Consumer Platforms,10,-0.049990,0.000000
2026-06-12,AI Infrastructure,11,-0.053358,0.000000
2026-06-12,Consumer Hardware,12,-0.067070,0.000000
2026-06-12,Electric Vehicles,13,-0.067372,0.000000
2026-06-12,Fintech,14,-0.084810,0.000000
2026-06-12,Energy Storage,15,-0.090634,0.000000
2026-06-12,Renewables,16,-0.103093,0.000000
2026-06-12,Cloud Software,17,-0.108535,0.000000
2026-06-12,Nuclear,18,-0.145459,0.000000
2026-06-12,Quantum Computing,19,-0.197308,0.000000
2026-06-12,Defense Drones,20,-0.199277,0.000000
2026-06-12,Space,21,-0.285782,0.000000
2026-06-15,Semiconductors,1,0.098422,0.222222
2026-06-15,Defensive Healthcare,2,0.045953,0.333333
2026-06-15,Defensive Staples,3,0.043260,1.000000
2026-06-15,Defense,4,0.006375,0.000000
2026-06-15,Robotics Automation,5,0.006268,0.000000
2026-06-15,Market ETFs,6,0.002429,0.125000
2026-06-15,Electric Vehicles,7,-0.011373,0.000000
2026-06-15,Consumer Platforms,8,-0.019679,0.000000
2026-06-15,Fintech,9,-0.026870,0.166667
2026-06-15,Consumer Hardware,10,-0.032288,0.000000
2026-06-15,Adtech,11,-0.038202,0.000000
2026-06-15,Renewables,12,-0.053633,0.000000
2026-06-15,AI Infrastructure,13,-0.074726,0.000000
2026-06-15,Nuclear,14,-0.086426,0.000000
2026-06-15,Cybersecurity,15,-0.087200,0.000000
2026-06-15,Telecom Infrastructure,16,-0.088000,0.000000
2026-06-15,Quantum Computing,17,-0.116917,0.000000
2026-06-15,Energy Storage,18,-0.145133,0.000000
2026-06-15,Cloud Software,19,-0.175162,0.000000
2026-06-15,Defense Drones,20,-0.193561,0.000000
2026-06-15,Space,21,-0.227062,0.000000
2026-06-16,Defensive Healthcare,1,0.049604,0.166667
2026-06-16,Defensive Staples,2,0.047451,0.833333
2026-06-16,Defense,3,0.019840,0.285714
2026-06-16,Fintech,4,0.018434,0.333333
2026-06-16,Adtech,5,0.005690,0.166667
2026-06-16,Consumer Platforms,6,0.005425,0.111111
2026-06-16,Market ETFs,7,-0.009779,0.250000
2026-06-16,Semiconductors,8,-0.010022,0.222222
2026-06-16,Robotics Automation,9,-0.026706,0.166667
2026-06-16,Electric Vehicles,10,-0.045028,0.000000
2026-06-16,Consumer Hardware,11,-0.050635,0.000000
2026-06-16,Cybersecurity,12,-0.095634,0.000000
2026-06-16,Renewables,13,-0.106397,0.000000
2026-06-16,AI Infrastructure,14,-0.132884,0.000000
2026-06-16,Cloud Software,15,-0.154786,0.000000
2026-06-16,Nuclear,16,-0.156836,0.000000
2026-06-16,Telecom Infrastructure,17,-0.170326,0.000000
2026-06-16,Energy Storage,18,-0.202039,0.000000
2026-06-16,Quantum Computing,19,-0.214846,0.000000
2026-06-16,Defense Drones,20,-0.224407,0.000000
2026-06-16,Space,21,-0.271638,0.000000
2026-06-17,Fintech,1,0.071031,0.333333
2026-06-17,Defense,2,0.031963,0.285714
2026-06-17,Defensive Staples,3,0.030160,0.333333
2026-06-17,Defensive Healthcare,4,0.028801,0.166667
2026-06-17,Adtech,5,0.019777,0.166667
2026-06-17,Market ETFs,6,-0.009676,0.250000
2026-06-17,Semiconductors,7,-0.014963,0.222222
2026-06-17,Consumer Platforms,8,-0.016423,0.111111
2026-06-17,Robotics Automation,9,-0.042659,0.000000
2026-06-17,Consumer Hardware,10,-0.046123,0.000000
2026-06-17,Cybersecurity,11,-0.059767,0.000000
2026-06-17,Electric Vehicles,12,-0.064480,0.000000
2026-06-17,Nuclear,13,-0.074083,0.000000
2026-06-17,Renewables,14,-0.103804,0.200000
2026-06-17,AI Infrastructure,15,-0.110840,0.000000
2026-06-17,Cloud Software,16,-0.134494,0.000000
2026-06-17,Defense Drones,17,-0.148866,0.000000
2026-06-17,Energy Storage,18,-0.167395,0.000000
2026-06-17,Telecom Infrastructure,19,-0.173341,0.000000
2026-06-17,Space,20,-0.179731,0.000000
2026-06-17,Quantum Computing,21,-0.198446,0.000000
2026-06-18,Fintech,1,0.064774,0.333333
2026-06-18,Semiconductors,2,0.060346,0.555556
2026-06-18,Defensive Staples,3,0.023856,0.333333
2026-06-18,Market ETFs,4,0.000870,0.250000
2026-06-18,Adtech,5,-0.007936,0.000000
2026-06-18,Robotics Automation,6,-0.010811,0.166667
2026-06-18,Nuclear,7,-0.012270,0.375000
2026-06-18,Consumer Platforms,8,-0.016701,0.111111
2026-06-18,Defensive Healthcare,9,-0.019354,0.000000
2026-06-18,Defense,10,-0.030283,0.142857
2026-06-18,Consumer Hardware,11,-0.042477,0.000000
2026-06-18,Cybersecurity,12,-0.042594,0.166667
2026-06-18,Electric Vehicles,13,-0.042920,0.000000
2026-06-18,AI Infrastructure,14,-0.072066,0.333333
2026-06-18,Renewables,15,-0.083053,0.200000
2026-06-18,Energy Storage,16,-0.125680,0.200000
2026-06-18,Quantum Computing,17,-0.138745,0.000000
2026-06-18,Cloud Software,18,-0.149863,0.000000
2026-06-18,Telecom Infrastructure,19,-0.188327,0.000000
2026-06-18,Defense Drones,20,-0.190508,0.000000
2026-06-18,Space,21,-0.222360,0.000000
2026-06-19,Fintech,1,0.064774,0.333333
2026-06-19,Semiconductors,2,0.060346,0.555556
2026-06-19,Defensive Staples,3,0.027454,0.333333
2026-06-19,Market ETFs,4,0.003086,0.375000
2026-06-19,Adtech,5,-0.007936,0.000000
2026-06-19,Nuclear,6,-0.012270,0.375000
2026-06-19,Defense,7,-0.013852,0.285714
2026-06-19,Consumer Platforms,8,-0.016701,0.111111
2026-06-19,Defensive Healthcare,9,-0.019354,0.000000
2026-06-19,Robotics Automation,10,-0.020534,0.000000
2026-06-19,Consumer Hardware,11,-0.042477,0.000000
2026-06-19,Cybersecurity,12,-0.042594,0.166667
2026-06-19,Electric Vehicles,13,-0.042920,0.000000
2026-06-19,AI Infrastructure,14,-0.046905,0.428571
2026-06-19,Renewables,15,-0.091996,0.200000
2026-06-19,Energy Storage,16,-0.138400,0.000000
2026-06-19,Quantum Computing,17,-0.138745,0.000000
2026-06-19,Cloud Software,18,-0.149863,0.000000
2026-06-19,Telecom Infrastructure,19,-0.188327,0.000000
2026-06-19,Defense Drones,20,-0.190508,0.000000
2026-06-19,Space,21,-0.222360,0.000000
2026-06-22,Semiconductors,1,0.196725,0.777778
2026-06-22,Fintech,2,0.110474,0.500000
2026-06-22,AI Infrastructure,3,0.081196,0.714286
2026-06-22,Robotics Automation,4,0.064156,0.666667
2026-06-22,Nuclear,5,0.055859,0.625000
2026-06-22,Market ETFs,6,0.038339,0.375000
2026-06-22,Electric Vehicles,7,0.035933,0.000000
2026-06-22,Quantum Computing,8,0.027122,0.000000
2026-06-22,Energy Storage,9,0.024406,0.200000
2026-06-22,Renewables,10,0.022677,0.200000
2026-06-22,Telecom Infrastructure,11,0.003477,0.000000
2026-06-22,Adtech,12,0.001933,0.000000
2026-06-22,Defensive Staples,13,-0.004676,0.000000
2026-06-22,Cybersecurity,14,-0.010796,0.166667
2026-06-22,Defensive Healthcare,15,-0.012267,0.000000
2026-06-22,Consumer Platforms,16,-0.031246,0.111111
2026-06-22,Consumer Hardware,17,-0.033611,0.000000
2026-06-22,Defense,18,-0.058076,0.000000
2026-06-22,Cloud Software,19,-0.133907,0.000000
2026-06-22,Defense Drones,20,-0.148109,0.000000
2026-06-22,Space,21,-0.157573,0.000000
2026-06-23,Fintech,1,0.063464,0.166667
2026-06-23,Semiconductors,2,0.045803,0.111111
2026-06-23,AI Infrastructure,3,0.024706,0.428571
2026-06-23,Cybersecurity,4,0.022846,0.166667
2026-06-23,Adtech,5,0.019360,0.333333
2026-06-23,Defensive Staples,6,0.017829,0.333333
2026-06-23,Nuclear,7,0.013169,0.375000
2026-06-23,Market ETFs,8,0.012714,0.125000
2026-06-23,Defensive Healthcare,9,0.011091,0.000000
2026-06-23,Robotics Automation,10,0.001684,0.000000
2026-06-23,Renewables,11,-0.022964,0.200000
2026-06-23,Consumer Hardware,12,-0.024010,0.000000
2026-06-23,Defense,13,-0.028850,0.142857
2026-06-23,Consumer Platforms,14,-0.033842,0.000000
2026-06-23,Telecom Infrastructure,15,-0.061001,0.000000
2026-06-23,Electric Vehicles,16,-0.066854,0.000000
2026-06-23,Quantum Computing,17,-0.078822,0.000000
2026-06-23,Energy Storage,18,-0.091327,0.200000
2026-06-23,Cloud Software,19,-0.125972,0.000000
2026-06-23,Defense Drones,20,-0.165615,0.000000
2026-06-23,Space,21,-0.172355,0.000000
2026-06-24,Fintech,1,0.083685,0.333333
2026-06-24,Semiconductors,2,0.055709,0.333333
2026-06-24,AI Infrastructure,3,0.041603,0.285714
2026-06-24,Cybersecurity,4,0.039042,0.166667
2026-06-24,Nuclear,5,0.036061,0.125000
2026-06-24,Robotics Automation,6,0.020318,0.333333
2026-06-24,Adtech,7,0.015116,0.166667
2026-06-24,Market ETFs,8,0.014479,0.250000
2026-06-24,Defensive Staples,9,0.009355,0.166667
2026-06-24,Consumer Hardware,10,0.008708,0.000000
2026-06-24,Renewables,11,0.002529,0.200000
2026-06-24,Telecom Infrastructure,12,-0.002888,0.000000
2026-06-24,Defensive Healthcare,13,-0.004080,0.000000
2026-06-24,Consumer Platforms,14,-0.015644,0.111111
2026-06-24,Electric Vehicles,15,-0.053318,0.000000
2026-06-24,Quantum Computing,16,-0.054507,0.000000
2026-06-24,Defense,17,-0.060132,0.000000
2026-06-24,Energy Storage,18,-0.069538,0.200000
2026-06-24,Cloud Software,19,-0.115660,0.000000
2026-06-24,Defense Drones,20,-0.175983,0.000000
2026-06-24,Space,21,-0.185267,0.000000
2026-06-25,Semiconductors,1,0.132972,0.666667
2026-06-25,AI Infrastructure,2,0.114175,0.428571
2026-06-25,Robotics Automation,3,0.110381,0.666667
2026-06-25,Nuclear,4,0.082487,0.250000
2026-06-25,Fintech,5,0.079115,0.333333
2026-06-25,Renewables,6,0.052833,0.200000
2026-06-25,Cybersecurity,7,0.049159,0.500000
2026-06-25,Telecom Infrastructure,8,0.043284,0.000000
2026-06-25,Market ETFs,9,0.032979,0.250000
2026-06-25,Defensive Healthcare,10,0.020373,0.500000
2026-06-25,Adtech,11,0.009007,0.166667
2026-06-25,Energy Storage,12,-0.000942,0.200000
2026-06-25,Electric Vehicles,13,-0.016955,0.000000
2026-06-25,Consumer Platforms,14,-0.018891,0.111111
2026-06-25,Defensive Staples,15,-0.023006,0.000000
2026-06-25,Defense,16,-0.044646,0.000000
2026-06-25,Consumer Hardware,17,-0.056348,0.000000
2026-06-25,Quantum Computing,18,-0.107187,0.000000
2026-06-25,Cloud Software,19,-0.130048,0.000000
2026-06-25,Defense Drones,20,-0.172620,0.000000
2026-06-25,Space,21,-0.207974,0.000000
2026-06-26,Fintech,1,0.077931,0.333333
2026-06-26,Adtech,2,0.072811,0.333333
2026-06-26,Cybersecurity,3,0.062764,0.500000
2026-06-26,Robotics Automation,4,0.055480,0.500000
2026-06-26,Defensive Healthcare,5,0.044353,0.833333
2026-06-26,Consumer Platforms,6,0.010086,0.111111
2026-06-26,Nuclear,7,0.008345,0.000000
2026-06-26,AI Infrastructure,8,0.006832,0.000000
2026-06-26,Market ETFs,9,0.001151,0.250000
2026-06-26,Defensive Staples,10,-0.006281,0.166667
2026-06-26,Semiconductors,11,-0.012249,0.055556
2026-06-26,Consumer Hardware,12,-0.040084,0.000000
2026-06-26,Electric Vehicles,13,-0.048704,0.000000
2026-06-26,Renewables,14,-0.052918,0.000000
2026-06-26,Cloud Software,15,-0.054424,0.000000
2026-06-26,Defense,16,-0.068156,0.000000
2026-06-26,Telecom Infrastructure,17,-0.076650,0.000000
2026-06-26,Energy Storage,18,-0.079926,0.000000
2026-06-26,Quantum Computing,19,-0.149681,0.000000
2026-06-26,Defense Drones,20,-0.221098,0.000000
2026-06-26,Space,21,-0.280544,0.000000
