ticker,company_name,industry_group,latest_date,data_points,return_3d,return_5d,return_10d,return_20d,return_1m,return_3m,return_6m,return_1y,avg_volume_3d,avg_volume_5d,avg_volume_20d,relative_volume,ma_5d,ma_10d,ma_20d,max_drawdown_10d,up_days_10d,early_momentum_signal,confirmed_momentum_signal,strong_momentum_signal,risk_warning,relative_strength_vs_industry,leader_type,industry_quality_score,distance_from_20d_ma,distance_from_52w_high,position_in_52w_range,forward_pe,earnings_growth,peg_ratio,peg_rating,peg_status,peg_note,industry_regime,industry_risk_flag,rotation_type,causal_hypothesis,evidence_status,short_term_price_zone,long_term_price_zone,price_zone,current_state,watch_status,latest_volume,data_status,data_quality_note
ANET,Arista Networks Inc.,AI Infrastructure,2026-09-01,252,-0.058829,-0.008799,-0.020292,-0.006561,0.023636,0.079450,0.518941,0.392949,4121804.000000,4944542.400000,6830085.600000,0.626744,196.734000,192.160999,194.860000,-0.064227,4,False,False,False,False,0.061203,infrastructure_leader,5,-0.028739,-0.100903,0.774928,36.676300,0.357000,1.027347,fair,ok,Forward PEG uses Yahoo forwardPE divided by earningsGrowth percent.,weak,none,risk_on_growth,industry_flow_leads_leaders,inferred,neutral,neutral,neutral,sideways_base,not_eligible_industry,4280712,ok,資料日期與本次市場日期一致。
VRT,Vertiv Holdings Co.,AI Infrastructure,2026-09-01,252,-0.049428,0.000860,-0.060798,-0.051717,-0.026915,-0.234586,0.047636,1.066381,4044997.000000,4134138.200000,4207509.550000,1.001041,260.971997,260.316000,270.741000,-0.049428,5,False,False,False,False,0.020696,infrastructure_leader,5,-0.054558,-0.319503,0.527710,28.132310,0.530000,0.530798,undervalued,ok,Forward PEG uses Yahoo forwardPE divided by earningsGrowth percent.,weak,none,risk_on_growth,industry_flow_leads_leaders,inferred,reasonable_pullback,neutral,reasonable_pullback,sideways_base,not_eligible_industry,4211891,ok,資料日期與本次市場日期一致。
DELL,Dell Technologies Inc.,AI Infrastructure,2026-09-01,252,-0.100072,-0.058693,-0.093140,-0.090462,-0.009370,-0.022071,1.941311,2.558332,8790923.666667,7094994.200000,5764573.550000,2.555501,454.666003,447.242999,457.184000,-0.100072,4,False,False,False,True,-0.011645,challenger,5,-0.070396,-0.140563,0.818968,18.777584,2.825000,0.066469,undervalued,ok,Forward PEG uses Yahoo forwardPE divided by earningsGrowth percent.,weak,none,risk_on_growth,industry_flow_leads_leaders,inferred,reasonable_pullback,neutral,reasonable_pullback,falling_knife,avoid_for_now,14731371,ok,資料日期與本次市場日期一致。
HPE,Hewlett Packard Enterprise Co.,AI Infrastructure,2026-09-01,252,-0.065062,-0.048091,-0.086551,-0.029013,0.012540,-0.091383,1.372819,1.289665,21020913.000000,17679307.800000,15641641.950000,1.203591,53.012000,53.040000,54.447500,-0.078943,3,False,False,False,False,-0.005056,non_leader,5,-0.065706,-0.149616,0.776835,12.462853,,,unavailable,missing_growth,Yahoo Finance earningsGrowth is missing.,weak,none,risk_on_growth,industry_flow_leads_leaders,inferred,reasonable_pullback,neutral,reasonable_pullback,sideways_base,not_eligible_industry,18826139,ok,資料日期與本次市場日期一致。
SMCI,Super Micro Computer Inc.,AI Infrastructure,2026-09-01,252,-0.045502,-0.045502,-0.018712,0.158410,0.281774,-0.268288,0.196545,-0.099804,26154149.666667,30769549.800000,53493567.450000,0.493789,37.384000,37.087000,35.853000,-0.055585,4,False,False,False,False,0.062783,challenger,5,0.023903,-0.374404,0.424115,6.892705,4.094000,0.016836,undervalued,ok,Forward PEG uses Yahoo forwardPE divided by earningsGrowth percent.,weak,none,risk_on_growth,industry_flow_leads_leaders,inferred,neutral,reasonable_pullback,reasonable_pullback,sideways_base,not_eligible_industry,26414549,ok,資料日期與本次市場日期一致。
ETN,Eaton Corporation plc,AI Infrastructure,2026-09-01,252,-0.060884,-0.045186,-0.094174,-0.119385,-0.106243,-0.062135,0.108050,0.149283,2003439.000000,1885003.400000,1747285.850000,1.156947,406.170001,410.788007,430.280612,-0.079968,3,False,False,False,False,-0.012679,infrastructure_leader,5,-0.091965,-0.150557,0.528141,24.317514,-0.159000,,unavailable,invalid_growth,Yahoo Finance earningsGrowth is zero or negative.,weak,none,risk_on_growth,industry_flow_leads_leaders,inferred,reasonable_pullback,neutral,reasonable_pullback,sideways_base,not_eligible_industry,2021517,ok,資料日期與本次市場日期一致。
NBIS,Nebius Group N.V.,AI Infrastructure,2026-09-01,252,-0.086690,-0.101050,-0.196796,-0.116063,-0.061342,-0.234247,1.298848,2.036214,11484793.666667,12217076.200000,23301494.050000,0.462467,209.489996,214.346999,221.342500,-0.108799,2,False,False,False,True,-0.115301,emerging_leader,4,-0.098501,-0.303987,0.608543,-66.568810,,,unavailable,missing_pe,Yahoo Finance forwardPE is missing or not positive.,weak,none,risk_on_growth,industry_flow_leads_leaders,inferred,reasonable_pullback,neutral,reasonable_pullback,falling_knife,avoid_for_now,10776181,ok,資料日期與本次市場日期一致。
NVDA,NVIDIA Corporation,Semiconductors,2026-09-01,252,-0.046232,0.020605,-0.010467,0.025951,0.052265,-0.023008,0.209138,0.274913,142253908.666667,181114305.200000,126312356.300000,0.846652,218.682001,216.407001,219.029501,-0.046232,3,False,False,False,False,0.045623,core_leader,5,-0.007257,-0.076553,0.744274,14.115585,1.278000,0.110451,undervalued,ok,Forward PEG uses Yahoo forwardPE divided by earningsGrowth percent.,weak,none,risk_on_growth,industry_flow_leads_leaders,inferred,neutral,neutral,neutral,sideways_base,not_eligible_industry,106942626,ok,資料日期與本次市場日期一致。
AMD,Advanced Micro Devices Inc.,Semiconductors,2026-09-01,252,-0.035790,-0.040841,-0.051157,-0.113714,-0.051647,-0.118744,1.406965,1.831505,14649951.000000,14947950.600000,20221807.650000,0.796811,470.701996,469.856998,478.392999,-0.044331,5,False,False,False,False,0.004933,challenger,5,-0.039263,-0.208810,0.717756,29.746813,1.595000,0.186500,undervalued,ok,Forward PEG uses Yahoo forwardPE divided by earningsGrowth percent.,weak,none,risk_on_growth,industry_flow_leads_leaders,inferred,reasonable_pullback,neutral,reasonable_pullback,sideways_base,not_eligible_industry,16112953,ok,資料日期與本次市場日期一致。
AVGO,Broadcom Inc.,Semiconductors,2026-09-01,252,-0.005006,0.036273,-0.027158,-0.115937,-0.057492,-0.231129,0.182264,0.248621,19096211.666667,19562987.000000,19105121.750000,0.981126,367.188000,364.640002,387.539000,-0.034903,4,False,False,False,False,0.028932,core_leader,5,-0.046083,-0.231129,0.408456,18.887436,0.854000,0.221164,undervalued,ok,Forward PEG uses Yahoo forwardPE divided by earningsGrowth percent.,weak,none,risk_on_growth,industry_flow_leads_leaders,inferred,reasonable_pullback,reasonable_pullback,reasonable_pullback,sideways_base,not_eligible_industry,18744535,ok,資料日期與本次市場日期一致。
TSM,Taiwan Semiconductor Manufacturing Co. Ltd.,Semiconductors,2026-09-01,252,-0.031126,-0.008169,0.001427,-0.007599,0.019428,-0.071012,0.178430,0.832736,7851174.333333,8750524.600000,9544441.150000,0.828610,418.365997,416.639999,419.477000,-0.031126,5,False,False,False,False,0.057517,core_leader,5,-0.013057,-0.133111,0.747416,19.007156,0.774000,0.245570,undervalued,ok,Forward PEG uses Yahoo forwardPE divided by earningsGrowth percent.,weak,none,risk_on_growth,industry_flow_leads_leaders,inferred,neutral,neutral,neutral,sideways_base,not_eligible_industry,7908623,ok,資料日期與本次市場日期一致。
ASML,ASML Holding N.V.,Semiconductors,2026-09-01,252,-0.040271,-0.045305,-0.076451,-0.027309,0.013772,-0.022327,0.227780,1.309165,1125173.000000,1055243.800000,1142200.950000,0.792959,1707.592017,1728.805017,1756.632001,-0.055915,3,False,False,False,False,-0.020361,infrastructure_leader,5,-0.052084,-0.161928,0.745822,27.791430,0.285000,0.975138,undervalued,ok,Forward PEG uses Yahoo forwardPE divided by earningsGrowth percent.,weak,none,risk_on_growth,industry_flow_leads_leaders,inferred,reasonable_pullback,neutral,reasonable_pullback,sideways_base,not_eligible_industry,905719,ok,資料日期與本次市場日期一致。
MU,Micron Technology Inc.,Semiconductors,2026-09-01,252,-0.002085,0.000504,-0.007781,0.045672,0.125304,-0.122654,1.459903,6.891106,24344303.333333,24118622.000000,28908170.500000,0.953824,939.764001,942.044000,929.373999,-0.065584,4,False,False,False,False,0.048309,specialist,5,0.004375,-0.230707,0.744372,6.021213,13.685000,0.004400,undervalued,ok,Forward PEG uses Yahoo forwardPE divided by earningsGrowth percent.,weak,none,risk_on_growth,industry_flow_leads_leaders,inferred,neutral,neutral,neutral,sideways_base,not_eligible_industry,27573310,ok,資料日期與本次市場日期一致。
QCOM,Qualcomm Incorporated,Semiconductors,2026-09-01,252,0.011106,0.037681,0.040077,0.024221,0.099228,-0.305658,0.218410,0.071430,9773936.666667,10973442.000000,9274555.500000,0.952618,165.956000,163.227000,162.945999,-0.022701,6,True,True,False,False,0.096168,specialist,5,0.022486,-0.333817,0.339940,16.331192,-0.230000,,unavailable,invalid_growth,Yahoo Finance earningsGrowth is zero or negative.,weak,none,risk_on_growth,industry_flow_leads_leaders,inferred,neutral,reasonable_pullback,reasonable_pullback,pullback_in_uptrend,not_eligible_industry,8835110,ok,資料日期與本次市場日期一致。
INTC,Intel Corporation,Semiconductors,2026-09-01,252,-0.033880,0.017032,-0.079843,-0.117886,-0.022308,-0.175669,1.064269,2.674928,74932610.000000,80221486.000000,97908511.500000,0.750058,89.656000,89.802000,95.198000,-0.059698,4,False,False,False,False,-0.023753,challenger,5,-0.065422,-0.368738,0.555584,43.609970,,,unavailable,missing_growth,Yahoo Finance earningsGrowth is missing.,weak,none,risk_on_growth,industry_flow_leads_leaders,inferred,reasonable_pullback,neutral,reasonable_pullback,sideways_base,not_eligible_industry,73437030,ok,資料日期與本次市場日期一致。
ARM,Arm Holdings plc,Semiconductors,2026-09-01,252,-0.079895,-0.027902,-0.073030,-0.163031,-0.017736,-0.416900,0.929182,0.774369,2989757.333333,3588294.400000,3746068.600000,0.786150,244.410004,244.577002,259.054500,-0.079895,5,False,False,False,False,-0.016940,specialist,5,-0.093550,-0.465662,0.388970,76.717510,1.083000,0.708380,undervalued,ok,Forward PEG uses Yahoo forwardPE divided by earningsGrowth percent.,weak,none,risk_on_growth,industry_flow_leads_leaders,inferred,reasonable_pullback,reasonable_pullback,reasonable_pullback,sideways_base,not_eligible_industry,2944972,ok,資料日期與本次市場日期一致。
AMAT,Applied Materials Inc.,Semiconductors,2026-09-01,252,-0.083983,-0.079556,-0.140003,-0.190804,-0.146442,-0.097393,0.260595,1.819660,6601438.000000,6256582.800000,7217070.700000,0.984543,464.806006,477.243005,502.744073,-0.109550,2,False,False,False,True,-0.083913,infrastructure_leader,5,-0.121123,-0.388212,0.505365,23.934526,0.428000,0.559218,undervalued,ok,Forward PEG uses Yahoo forwardPE divided by earningsGrowth percent.,weak,none,risk_on_growth,industry_flow_leads_leaders,inferred,deep_pullback,neutral,deep_pullback,falling_knife,avoid_for_now,7105514,ok,資料日期與本次市場日期一致。
LRCX,Lam Research Corporation,Semiconductors,2026-09-01,252,-0.089083,-0.077735,-0.115028,-0.086675,-0.014969,-0.131592,0.338208,2.007381,7720904.333333,6766422.600000,7615855.650000,1.070899,305.009998,308.158002,314.558501,-0.089083,4,False,False,False,True,-0.058938,infrastructure_leader,5,-0.077437,-0.330302,0.575073,25.076454,0.348000,0.720588,undervalued,ok,Forward PEG uses Yahoo forwardPE divided by earningsGrowth percent.,weak,none,risk_on_growth,industry_flow_leads_leaders,inferred,reasonable_pullback,neutral,reasonable_pullback,falling_knife,avoid_for_now,8155813,ok,資料日期與本次市場日期一致。
KLAC,KLA Corporation,Semiconductors,2026-09-01,252,-0.070088,-0.067907,-0.122696,-0.124671,-0.063841,-0.163489,0.188480,1.030033,9263711.333333,8061386.800000,9326866.700000,1.095527,177.895999,181.151001,190.446757,-0.087467,2,False,False,False,True,-0.066606,infrastructure_leader,5,-0.102689,-0.432955,0.399908,25.602112,0.138000,1.855226,fair,ok,Forward PEG uses Yahoo forwardPE divided by earningsGrowth percent.,weak,none,risk_on_growth,industry_flow_leads_leaders,inferred,reasonable_pullback,reasonable_pullback,reasonable_pullback,falling_knife,avoid_for_now,10217834,ok,資料日期與本次市場日期一致。
TXN,Texas Instruments Incorporated,Semiconductors,2026-09-01,252,-0.049524,-0.025803,-0.069424,-0.106794,-0.058356,-0.173578,0.262796,0.300739,6221132.000000,5611979.200000,5649414.800000,1.246642,260.240002,261.760001,270.311497,-0.052758,4,False,False,False,False,-0.013334,specialist,5,-0.062785,-0.233667,0.570356,23.799303,0.518000,0.459446,undervalued,ok,Forward PEG uses Yahoo forwardPE divided by earningsGrowth percent.,weak,none,risk_on_growth,industry_flow_leads_leaders,inferred,reasonable_pullback,neutral,reasonable_pullback,sideways_base,not_eligible_industry,7042796,ok,資料日期與本次市場日期一致。
ADI,Analog Devices Inc.,Semiconductors,2026-09-01,252,-0.053402,-0.051223,-0.058705,-0.067764,-0.020338,-0.162287,0.048677,0.441139,3004383.000000,3017189.800000,3496202.450000,0.831888,364.951996,368.617999,376.112000,-0.053402,4,False,False,False,False,-0.002615,specialist,5,-0.057408,-0.204184,0.590978,21.700726,1.635000,0.132726,undervalued,ok,Forward PEG uses Yahoo forwardPE divided by earningsGrowth percent.,weak,none,risk_on_growth,industry_flow_leads_leaders,inferred,reasonable_pullback,neutral,reasonable_pullback,sideways_base,not_eligible_industry,2908449,ok,資料日期與本次市場日期一致。
NXPI,NXP Semiconductors N.V.,Semiconductors,2026-09-01,252,-0.015319,-0.010456,-0.026951,-0.063973,-0.007896,-0.310443,0.042102,-0.027108,3145412.666667,2763227.600000,3107471.900000,1.002982,223.925998,224.137000,228.756500,-0.016016,4,False,False,False,False,0.029139,specialist,5,-0.027787,-0.329202,0.271090,12.290613,0.726000,0.169292,undervalued,ok,Forward PEG uses Yahoo forwardPE divided by earningsGrowth percent.,weak,none,risk_on_growth,industry_flow_leads_leaders,inferred,neutral,reasonable_pullback,reasonable_pullback,sideways_base,not_eligible_industry,3116738,ok,資料日期與本次市場日期一致。
MCHP,Microchip Technology Inc.,Semiconductors,2026-09-01,252,-0.054047,-0.028435,-0.081217,-0.109463,-0.044940,-0.259080,0.011349,0.152207,9484923.333333,8440094.000000,9351303.500000,1.081525,73.466000,74.264063,76.594604,-0.067986,4,False,False,False,False,-0.025127,specialist,5,-0.067689,-0.300558,0.435165,15.642423,,,unavailable,missing_growth,Yahoo Finance earningsGrowth is missing.,weak,none,risk_on_growth,industry_flow_leads_leaders,inferred,reasonable_pullback,reasonable_pullback,reasonable_pullback,sideways_base,not_eligible_industry,10113670,ok,資料日期與本次市場日期一致。
ON,ON Semiconductor Corporation,Semiconductors,2026-09-01,252,-0.028743,0.001931,-0.085243,-0.100644,-0.096393,-0.435246,0.145538,0.484471,6869149.333333,6273789.600000,7651287.400000,1.006961,73.474001,73.731001,77.247500,-0.060721,4,False,False,False,False,-0.029153,specialist,5,-0.059516,-0.457552,0.311693,16.043089,0.366000,0.438336,undervalued,ok,Forward PEG uses Yahoo forwardPE divided by earningsGrowth percent.,weak,none,risk_on_growth,industry_flow_leads_leaders,inferred,reasonable_pullback,reasonable_pullback,reasonable_pullback,sideways_base,not_eligible_industry,7704548,ok,資料日期與本次市場日期一致。
MRVL,Marvell Technology Inc.,Semiconductors,2026-09-01,252,-0.128639,-0.124761,-0.025972,-0.037513,0.085716,-0.276310,1.716388,2.263749,31243880.000000,30370668.000000,24316917.000000,0.867747,225.045999,232.021999,224.648999,-0.161826,4,False,False,False,True,0.030118,challenger,5,-0.063472,-0.334950,0.583113,31.385800,0.500000,0.627716,undervalued,ok,Forward PEG uses Yahoo forwardPE divided by earningsGrowth percent.,weak,none,risk_on_growth,industry_flow_leads_leaders,inferred,reasonable_pullback,neutral,reasonable_pullback,falling_knife,avoid_for_now,21100940,ok,資料日期與本次市場日期一致。
AVAV,AeroVironment Inc.,Defense Drones,2026-09-01,252,-0.053257,-0.022046,-0.172103,-0.147024,-0.094296,-0.294495,-0.368506,-0.399342,1018107.666667,1080064.600000,1170966.150000,0.866740,147.924002,152.799001,168.519499,-0.165393,3,False,False,False,True,-0.055219,core_leader,3,-0.144491,-0.648220,0.027421,32.733547,,,unavailable,missing_growth,Yahoo Finance earningsGrowth is missing.,weak,none,unclear,unclear,needs_review,deep_pullback,deep_pullback,deep_pullback,falling_knife,avoid_for_now,1014923,ok,資料日期與本次市場日期一致。
KTOS,Kratos Defense & Security Solutions Inc.,Defense Drones,2026-09-01,252,-0.081021,-0.062690,-0.204065,-0.048776,0.002642,-0.220168,-0.445306,-0.253442,2595025.000000,2380875.000000,3637483.750000,1.008657,51.788000,53.856000,57.735000,-0.185271,3,False,False,False,True,-0.087181,challenger,3,-0.145406,-0.622552,0.062874,44.156470,0.074000,5.967091,expensive,ok,Forward PEG uses Yahoo forwardPE divided by earningsGrowth percent.,weak,none,unclear,unclear,needs_review,deep_pullback,deep_pullback,deep_pullback,falling_knife,avoid_for_now,3668975,ok,資料日期與本次市場日期一致。
RCAT,Red Cat Holdings Inc.,Defense Drones,2026-09-01,252,-0.110991,-0.093407,-0.191573,-0.068849,-0.001211,-0.448161,-0.438776,-0.070946,6035083.333333,5445470.000000,8823657.500000,0.542150,8.708000,9.061000,9.506750,-0.165824,4,False,False,False,True,-0.074689,emerging_leader,3,-0.132196,-0.524770,0.188057,-14.864864,,,unavailable,missing_pe,Yahoo Finance forwardPE is missing or not positive.,weak,none,unclear,unclear,needs_review,deep_pullback,deep_pullback,deep_pullback,falling_knife,avoid_for_now,4783750,ok,資料日期與本次市場日期一致。
ONDS,Ondas Holdings Inc.,Defense Drones,2026-09-01,252,-0.195429,-0.145631,-0.222958,-0.205418,-0.158901,-0.481591,-0.297405,0.289377,55898945.000000,61792867.000000,73562136.750000,0.924801,7.913000,8.203500,8.689250,-0.208989,2,False,False,False,True,-0.106074,non_leader,3,-0.189803,-0.497502,0.223831,-352.000000,,,unavailable,missing_pe,Yahoo Finance forwardPE is missing or not positive.,weak,none,unclear,unclear,needs_review,deep_pullback,deep_pullback,deep_pullback,falling_knife,avoid_for_now,68030335,ok,資料日期與本次市場日期一致。
DPRO,Draganfly Inc.,Defense Drones,2026-09-01,252,0.231121,0.242494,0.206278,0.222727,0.274882,-0.279786,-0.216885,0.195556,4564015.666667,2899249.400000,1272862.350000,2.776928,4.797000,4.586500,4.584750,-0.040359,6,True,True,True,True,0.323162,non_leader,3,0.173456,-0.609296,0.158475,-7.709639,,,unavailable,missing_pe,Yahoo Finance forwardPE is missing or not positive.,weak,none,unclear,unclear,needs_review,very_extended,deep_pullback,very_extended,overextended,not_eligible_industry,3534647,ok,資料日期與本次市場日期一致。
RTX,RTX Corporation,Defense,2026-09-01,252,-0.032629,-0.024348,-0.090159,-0.055469,-0.049889,0.181232,0.000867,0.317671,3092019.333333,3382271.600000,4211457.900000,0.712689,209.734003,211.072002,216.773275,-0.068936,3,False,False,False,False,-0.017583,core_leader,4,-0.053573,-0.090159,0.732357,26.115536,0.287000,0.909949,undervalued,ok,Forward PEG uses Yahoo forwardPE divided by earningsGrowth percent.,weak,none,unclear,unclear,needs_review,reasonable_pullback,neutral,reasonable_pullback,sideways_base,not_eligible_industry,3001458,ok,資料日期與本次市場日期一致。
LHX,L3Harris Technologies Inc.,Defense,2026-09-01,252,0.006031,0.005302,-0.057165,-0.076200,-0.051465,-0.141153,-0.278398,-0.026488,1846994.333333,1724076.600000,1552769.150000,0.862126,263.514001,265.685001,276.192500,-0.054599,3,True,False,False,False,0.015410,specialist,4,-0.045738,-0.298379,0.013900,19.578827,-0.061000,,unavailable,invalid_growth,Yahoo Finance earningsGrowth is zero or negative.,weak,none,unclear,unclear,needs_review,reasonable_pullback,deep_pullback,deep_pullback,early_recovery,not_eligible_industry,1338683,ok,資料日期與本次市場日期一致。
NOC,Northrop Grumman Corporation,Defense,2026-09-01,252,-0.017971,-0.013246,-0.091330,-0.029401,-0.023951,-0.002341,-0.291684,-0.080978,546686.666667,603052.000000,632583.000000,0.762366,541.166418,548.273291,560.217557,-0.081508,2,False,False,False,True,-0.018755,core_leader,4,-0.048745,-0.299901,0.146346,17.506916,-0.058000,,unavailable,invalid_growth,Yahoo Finance earningsGrowth is zero or negative.,weak,none,unclear,unclear,needs_review,reasonable_pullback,deep_pullback,deep_pullback,falling_knife,avoid_for_now,482260,ok,資料日期與本次市場日期一致。
LMT,Lockheed Martin Corporation,Defense,2026-09-01,252,-0.037799,-0.021599,-0.103217,-0.076069,-0.071279,0.060515,-0.179323,0.226820,868644.666667,854586.800000,973006.700000,1.070839,560.217993,564.595001,580.479996,-0.075787,3,False,False,False,False,-0.030641,core_leader,4,-0.061983,-0.190092,0.463600,16.642948,4.438000,0.037501,undervalued,ok,Forward PEG uses Yahoo forwardPE divided by earningsGrowth percent.,weak,none,unclear,unclear,needs_review,reasonable_pullback,neutral,reasonable_pullback,sideways_base,not_eligible_industry,1041934,ok,資料日期與本次市場日期一致。
GD,General Dynamics Corporation,Defense,2026-09-01,252,-0.028022,-0.019040,-0.061172,-0.042384,-0.034045,0.099007,0.022098,0.158874,1049804.333333,912342.600000,799965.650000,1.586584,376.432001,380.520999,386.184500,-0.058444,1,False,False,False,False,0.011404,core_leader,4,-0.043436,-0.067076,0.686827,19.916681,0.134000,1.486319,fair,ok,Forward PEG uses Yahoo forwardPE divided by earningsGrowth percent.,weak,none,unclear,unclear,needs_review,reasonable_pullback,neutral,reasonable_pullback,sideways_base,not_eligible_industry,1269213,ok,資料日期與本次市場日期一致。
HII,Huntington Ingalls Industries Inc.,Defense,2026-09-01,252,-0.011794,0.009046,-0.075017,-0.090622,-0.098685,0.000421,-0.329928,0.102220,421210.333333,391326.200000,412771.550000,0.911475,293.752826,295.895453,309.137003,-0.066109,3,False,False,False,False,-0.002442,specialist,4,-0.054076,-0.349718,0.158928,14.035199,0.365000,0.384526,undervalued,ok,Forward PEG uses Yahoo forwardPE divided by earningsGrowth percent.,weak,none,unclear,unclear,needs_review,reasonable_pullback,deep_pullback,deep_pullback,sideways_base,not_eligible_industry,376231,ok,資料日期與本次市場日期一致。
LDOS,Leidos Holdings Inc.,Defense,2026-09-01,252,-0.004862,0.034488,-0.029969,0.065697,0.172338,0.101338,-0.224921,-0.222500,1164506.333333,1063663.800000,1394775.950000,0.803512,139.467999,139.937997,139.579999,-0.080446,5,False,False,False,True,0.042606,non_leader,4,-0.002866,-0.296738,0.400179,10.888187,-0.067000,,unavailable,invalid_growth,Yahoo Finance earningsGrowth is zero or negative.,weak,none,unclear,unclear,needs_review,neutral,reasonable_pullback,reasonable_pullback,sideways_base,avoid_for_now,1120719,ok,資料日期與本次市場日期一致。
RKLB,Rocket Lab USA Inc.,Space,2026-09-01,252,-0.073893,-0.065312,-0.209955,-0.160312,-0.112026,-0.492864,-0.108228,0.268303,16002347.666667,14133068.600000,17606557.150000,0.804049,64.912000,68.110999,73.862000,-0.175369,1,False,False,False,True,-0.041358,emerging_leader,3,-0.153286,-0.583705,0.208217,1250.800000,,,unavailable,missing_growth,Yahoo Finance earningsGrowth is missing.,weak,none,unclear,unclear,needs_review,deep_pullback,deep_pullback,deep_pullback,falling_knife,avoid_for_now,14156543,ok,資料日期與本次市場日期一致。
LUNR,Intuitive Machines Inc.,Space,2026-09-01,252,-0.090235,-0.113253,-0.237701,0.054441,0.123664,-0.628001,-0.191209,0.690012,4988631.666667,5004039.000000,9811034.750000,0.479786,15.548000,16.577000,16.828000,-0.205184,2,False,False,False,True,-0.069104,emerging_leader,3,-0.125267,-0.677899,0.177158,-94.967740,,,unavailable,missing_pe,Yahoo Finance forwardPE is missing or not positive.,weak,none,unclear,unclear,needs_review,deep_pullback,deep_pullback,deep_pullback,falling_knife,avoid_for_now,4707195,ok,資料日期與本次市場日期一致。
ASTS,AST SpaceMobile Inc.,Space,2026-09-01,252,-0.091797,-0.100145,-0.168033,-0.206372,-0.121537,-0.527799,-0.397928,0.144381,8739806.666667,8041084.000000,10194326.000000,0.815034,58.853999,61.876999,66.092999,-0.187181,3,False,False,False,True,0.000564,emerging_leader,3,-0.155735,-0.580735,0.196403,-46.030490,,,unavailable,missing_pe,Yahoo Finance forwardPE is missing or not positive.,weak,none,unclear,unclear,needs_review,deep_pullback,deep_pullback,deep_pullback,falling_knife,avoid_for_now,8308720,ok,資料日期與本次市場日期一致。
IRDM,Iridium Communications Inc.,Space,2026-09-01,252,-0.019311,-0.008068,-0.047114,-0.058254,-0.033113,-0.055069,0.964712,0.934542,990378.333333,835907.000000,934796.750000,0.572461,47.028000,47.568000,48.485000,-0.048591,4,False,False,False,False,0.121483,specialist,3,-0.036403,-0.161522,0.775847,27.241983,-0.550000,,unavailable,invalid_growth,Yahoo Finance earningsGrowth is zero or negative.,weak,none,unclear,unclear,needs_review,reasonable_pullback,neutral,reasonable_pullback,sideways_base,not_eligible_industry,535135,ok,資料日期與本次市場日期一致。
SPCE,Virgin Galactic Holdings Inc.,Space,2026-09-01,252,-0.030000,-0.020202,-0.087774,-0.013559,0.031915,-0.366013,0.145669,-0.058252,4747698.333333,4609059.000000,7694434.750000,0.694488,2.932000,3.000000,3.076000,-0.099688,2,False,False,False,True,0.080823,non_leader,3,-0.053966,-0.613032,0.138318,-4.693549,,,unavailable,missing_pe,Yahoo Finance forwardPE is missing or not positive.,weak,none,unclear,unclear,needs_review,reasonable_pullback,deep_pullback,deep_pullback,falling_knife,avoid_for_now,5343695,ok,資料日期與本次市場日期一致。
PL,Planet Labs PBC,Space,2026-09-01,252,-0.089792,-0.106264,-0.175514,-0.156373,-0.105434,-0.599501,-0.238735,1.896241,7375600.666667,6067320.400000,5080660.100000,1.391886,20.282000,21.161000,22.454500,-0.148541,1,False,False,False,True,-0.006917,specialist,3,-0.142265,-0.625292,0.285142,5783.783700,,,unavailable,missing_growth,Yahoo Finance earningsGrowth is missing.,weak,none,unclear,unclear,needs_review,deep_pullback,reasonable_pullback,deep_pullback,falling_knife,avoid_for_now,7071702,ok,資料日期與本次市場日期一致。
RDW,Redwire Corporation,Space,2026-09-01,252,-0.089618,-0.106272,-0.207110,-0.034807,0.064315,-0.501458,0.146369,0.150224,9576782.000000,8889549.200000,15390902.300000,0.526002,10.874000,11.342000,12.140500,-0.172581,2,False,False,False,True,-0.038513,emerging_leader,3,-0.154895,-0.603861,0.249520,-34.779663,,,unavailable,missing_pe,Yahoo Finance forwardPE is missing or not positive.,weak,none,unclear,unclear,needs_review,deep_pullback,deep_pullback,deep_pullback,falling_knife,avoid_for_now,8095646,ok,資料日期與本次市場日期一致。
BKSY,BlackSky Technology Inc.,Space,2026-09-01,252,-0.133683,-0.149147,-0.258811,-0.155844,-0.102510,-0.511501,-0.055898,0.257327,775582.000000,723629.200000,922607.300000,0.893821,23.538000,25.087000,27.249500,-0.231183,2,False,False,False,True,-0.090214,specialist,3,-0.212830,-0.584544,0.215900,-59.583332,,,unavailable,missing_pe,Yahoo Finance forwardPE is missing or not positive.,weak,none,unclear,unclear,needs_review,deep_pullback,deep_pullback,deep_pullback,falling_knife,avoid_for_now,824646,ok,資料日期與本次市場日期一致。
VSAT,Viasat Inc.,Space,2026-09-01,252,-0.088684,-0.085288,-0.128697,-0.230734,-0.184648,-0.087178,0.446530,1.136686,1507253.333333,1448652.000000,1750943.000000,0.757226,69.032001,71.532000,76.927500,-0.135516,4,False,False,False,True,0.039900,specialist,3,-0.138410,-0.261998,0.616775,397.672060,,,unavailable,missing_growth,Yahoo Finance earningsGrowth is missing.,weak,none,unclear,unclear,needs_review,deep_pullback,neutral,deep_pullback,falling_knife,avoid_for_now,1325860,ok,資料日期與本次市場日期一致。
SATL,Satellogic Inc.,Space,2026-09-01,252,-0.133710,-0.140990,-0.198606,0.024499,0.163085,-0.470046,0.474359,0.281337,3397989.666667,3521293.800000,5703503.450000,0.527372,4.952000,5.194500,5.381250,-0.195804,4,False,False,False,True,-0.030009,non_leader,3,-0.145180,-0.571695,0.351637,-153.333330,,,unavailable,missing_pe,Yahoo Finance forwardPE is missing or not positive.,weak,none,unclear,unclear,needs_review,deep_pullback,reasonable_pullback,deep_pullback,falling_knife,avoid_for_now,3007869,ok,資料日期與本次市場日期一致。
SPIR,Spire Global Inc.,Space,2026-09-01,252,-0.141429,-0.124545,-0.135252,-0.108309,-0.021173,-0.437002,0.341518,0.313661,605533.666667,538480.200000,556450.050000,1.663763,13.200000,13.513000,13.743000,-0.141429,4,False,False,False,True,0.033345,specialist,3,-0.125373,-0.528257,0.270856,-30.820515,,,unavailable,missing_pe,Yahoo Finance forwardPE is missing or not positive.,weak,none,unclear,unclear,needs_review,deep_pullback,reasonable_pullback,deep_pullback,falling_knife,avoid_for_now,925801,ok,資料日期與本次市場日期一致。
CRWD,CrowdStrike Holdings Inc.,Cybersecurity,2026-09-01,252,-0.056545,0.160158,0.010098,0.018227,0.061864,0.118772,1.197844,1.080484,15347908.666667,16621365.200000,9699261.300000,1.391026,216.322000,204.159000,210.569999,-0.080593,4,False,False,False,True,-0.005767,core_leader,5,0.021371,-0.068961,0.888941,134.749730,,,unavailable,missing_growth,Yahoo Finance earningsGrowth is missing.,momentum_leader,none,unclear,unclear,needs_review,neutral,extended,extended,overextended,too_extended,13491926,ok,資料日期與本次市場日期一致。
PANW,Palo Alto Networks Inc.,Cybersecurity,2026-09-01,252,-0.054225,0.065284,-0.032207,-0.011601,0.043096,0.218420,1.319751,0.900535,7857488.666667,7093913.200000,5663213.300000,1.577685,367.594000,359.595999,368.399500,-0.056843,3,False,False,False,False,-0.048072,core_leader,5,-0.017127,-0.085631,0.866669,88.113686,,,unavailable,missing_growth,Yahoo Finance earningsGrowth is missing.,momentum_leader,none,unclear,unclear,needs_review,neutral,extended,extended,sideways_base,too_extended,8934766,ok,資料日期與本次市場日期一致。
FTNT,Fortinet Inc.,Cybersecurity,2026-09-01,252,-0.063260,0.053300,0.024302,-0.038267,-0.008333,0.087263,0.995684,1.103861,5683921.333333,5389052.800000,4499998.200000,1.191081,165.819998,159.189999,160.101500,-0.063260,5,False,False,False,False,0.008438,core_leader,5,0.010921,-0.063260,0.887955,43.050250,0.439000,0.980644,undervalued,ok,Forward PEG uses Yahoo forwardPE divided by earningsGrowth percent.,momentum_leader,none,unclear,unclear,needs_review,neutral,extended,extended,strong_uptrend,too_extended,5359864,ok,資料日期與本次市場日期一致。
ZS,Zscaler Inc.,Cybersecurity,2026-09-01,252,-0.047678,0.059078,-0.039472,0.092819,0.154797,0.237392,0.153229,-0.350366,2258994.333333,2585756.600000,2230274.150000,1.016863,181.718997,179.436998,178.088499,-0.087649,4,False,False,False,True,-0.055337,challenger,5,0.001581,-0.469563,0.276418,38.794807,,,unavailable,missing_growth,Yahoo Finance earningsGrowth is missing.,momentum_leader,none,unclear,unclear,needs_review,neutral,reasonable_pullback,reasonable_pullback,sideways_base,avoid_for_now,2267883,ok,資料日期與本次市場日期一致。
OKTA,Okta Inc.,Cybersecurity,2026-09-01,252,-0.037476,0.274252,0.156406,0.125896,0.175602,0.229899,1.294953,0.859553,4418972.666667,7328983.600000,3734910.900000,1.099148,162.605997,148.512000,148.096500,-0.075066,4,False,False,False,False,0.140542,specialist,5,0.123794,-0.038199,0.939969,38.010906,0.757000,0.502126,undervalued,ok,Forward PEG uses Yahoo forwardPE divided by earningsGrowth percent.,momentum_leader,none,unclear,unclear,needs_review,extended,very_extended,very_extended,overextended,too_extended,4105218,ok,資料日期與本次市場日期一致。
TENB,Tenable Holdings Inc.,Cybersecurity,2026-09-01,252,-0.057150,0.081732,-0.023941,-0.013077,0.014298,0.147896,0.777054,0.163332,10403333.000000,8371239.800000,3868954.950000,0.813630,36.514000,35.307000,36.157500,-0.070578,5,False,False,False,False,-0.039805,specialist,5,-0.019014,-0.168347,0.730177,16.236382,,,unavailable,missing_growth,Yahoo Finance earningsGrowth is missing.,momentum_leader,none,unclear,unclear,needs_review,neutral,neutral,neutral,sideways_base,avoid_for_now,3147899,ok,資料日期與本次市場日期一致。
CRM,Salesforce Inc.,Cloud Software,2026-09-01,252,0.024043,0.254849,0.315948,0.351432,0.388061,0.288469,0.323251,0.029402,23853279.666667,28393247.800000,16042836.950000,0.917895,245.863998,226.475998,210.512000,-0.016972,6,True,True,False,True,0.256402,core_leader,5,0.226106,-0.025567,0.940989,16.218533,1.189000,0.136405,undervalued,ok,Forward PEG uses Yahoo forwardPE divided by earningsGrowth percent.,momentum_leader,momentum_exhaustion,unclear,unclear,needs_review,very_extended,very_extended,very_extended,overextended,too_extended,14725639,ok,資料日期與本次市場日期一致。
NOW,ServiceNow Inc.,Cloud Software,2026-09-01,252,0.032291,0.125197,0.195916,0.209582,0.251423,0.119467,0.262479,-0.216058,23889267.000000,22573640.200000,18185655.050000,0.913891,139.966000,134.031000,128.406000,-0.034394,5,True,False,False,False,0.136370,core_leader,5,0.112876,-0.256620,0.548384,28.548538,-0.219000,,unavailable,invalid_growth,Yahoo Finance earningsGrowth is zero or negative.,momentum_leader,momentum_exhaustion,unclear,unclear,needs_review,extended,neutral,extended,strong_uptrend,too_extended,16619701,ok,資料日期與本次市場日期一致。
SNOW,Snowflake Inc.,Cloud Software,2026-09-01,252,-0.028288,0.008769,-0.016998,0.009565,0.039899,0.224630,0.928946,0.369007,3817155.333333,3719533.200000,3967898.300000,1.001958,324.741992,324.258997,326.537999,-0.052317,3,False,False,False,False,-0.076544,challenger,5,-0.020635,-0.052107,0.918713,118.151245,,,unavailable,missing_growth,Yahoo Finance earningsGrowth is missing.,momentum_leader,momentum_exhaustion,unclear,unclear,needs_review,neutral,extended,extended,sideways_base,too_extended,3975666,ok,資料日期與本次市場日期一致。
DDOG,Datadog Inc.,Cloud Software,2026-09-01,252,-0.078582,0.003812,-0.090081,-0.223182,-0.181871,-0.168283,1.002684,0.661890,3372945.333333,3742647.200000,4952316.800000,0.678215,233.691995,231.890999,240.739500,-0.078582,4,False,False,False,False,-0.149627,infrastructure_leader,5,-0.070198,-0.223182,0.653381,75.405846,14.985000,0.050321,undervalued,ok,Forward PEG uses Yahoo forwardPE divided by earningsGrowth percent.,momentum_leader,momentum_exhaustion,unclear,unclear,needs_review,reasonable_pullback,neutral,reasonable_pullback,sideways_base,research_candidate,3358736,ok,資料日期與本次市場日期一致。
MDB,MongoDB Inc.,Cloud Software,2026-09-01,252,-0.014458,0.072335,-0.000943,0.142538,0.212979,0.089720,0.718079,0.364196,2139874.333333,1838364.600000,1561076.150000,2.061157,436.177991,428.022995,426.249496,-0.085897,7,False,False,False,True,-0.060489,specialist,5,0.018676,-0.080628,0.845417,59.147808,,,unavailable,missing_growth,Yahoo Finance earningsGrowth is missing.,momentum_leader,momentum_exhaustion,unclear,unclear,needs_review,neutral,extended,extended,overextended,avoid_for_now,3217623,ok,資料日期與本次市場日期一致。
WDAY,Workday Inc.,Cloud Software,2026-09-01,252,0.024849,0.020368,0.040600,0.158220,0.201939,0.332483,0.381380,-0.133295,5636177.000000,5659626.200000,5013696.550000,0.726476,196.974002,197.419000,191.120499,-0.046298,5,True,False,False,False,-0.018945,specialist,5,0.037984,-0.199079,0.635254,15.014297,2.060000,0.072885,undervalued,ok,Forward PEG uses Yahoo forwardPE divided by earningsGrowth percent.,momentum_leader,momentum_exhaustion,unclear,unclear,needs_review,neutral,neutral,neutral,sideways_base,avoid_for_now,3642331,ok,資料日期與本次市場日期一致。
MSFT,Microsoft Corporation,Cloud Software,2026-09-01,252,-0.007999,0.018934,0.042217,0.018573,0.029351,0.137439,0.245390,0.000044,25181997.333333,24998738.400000,24957549.600000,0.766493,504.654004,495.007999,494.233026,-0.024361,7,False,True,False,False,-0.017328,core_leader,5,0.013732,-0.068124,0.802531,21.253723,0.317000,0.670464,undervalued,ok,Forward PEG uses Yahoo forwardPE divided by earningsGrowth percent.,momentum_leader,momentum_exhaustion,unclear,unclear,needs_review,neutral,neutral,neutral,strong_uptrend,avoid_for_now,19129792,ok,資料日期與本次市場日期一致。
ORCL,Oracle Corporation,Cloud Software,2026-09-01,252,-0.069896,-0.023763,-0.010295,-0.030328,-0.003736,-0.420183,-0.044984,-0.365598,19706792.000000,21559575.200000,22509078.800000,1.119614,148.420001,146.166000,147.126500,-0.069896,5,False,False,False,False,-0.069840,core_leader,5,-0.039466,-0.564674,0.125596,12.934132,0.219000,0.590600,undervalued,ok,Forward PEG uses Yahoo forwardPE divided by earningsGrowth percent.,momentum_leader,momentum_exhaustion,unclear,unclear,needs_review,reasonable_pullback,deep_pullback,deep_pullback,sideways_base,wait_for_stabilization,25201476,ok,資料日期與本次市場日期一致。
NOK,Nokia Oyj,Telecom Infrastructure,2026-09-01,252,-0.062323,-0.040580,-0.044273,0.001008,0.060898,-0.410682,0.230483,1.347518,55583109.000000,54906545.400000,67536536.350000,0.908158,10.256000,10.208000,10.091500,-0.062323,5,False,False,False,False,0.000000,non_leader,3,-0.016004,-0.410682,0.451664,19.983097,-0.979000,,unavailable,invalid_growth,Yahoo Finance earningsGrowth is zero or negative.,weak,none,unclear,unclear,needs_review,neutral,neutral,neutral,sideways_base,not_eligible_industry,61333827,ok,資料日期與本次市場日期一致。
TTD,The Trade Desk Inc.,Adtech,2026-09-01,252,0.026826,0.040000,0.026826,-0.287487,-0.246995,-0.346919,-0.448800,-0.745663,17562080.666667,17361308.400000,30237647.100000,0.524847,13.504000,13.408000,14.023500,-0.037666,6,True,True,False,False,0.042778,core_leader,3,-0.017364,-0.745663,0.018226,13.844655,-0.236000,,unavailable,invalid_growth,Yahoo Finance earningsGrowth is zero or negative.,momentum_leader,none,unclear,unclear,needs_review,neutral,deep_pullback,deep_pullback,early_recovery,avoid_for_now,15870142,ok,資料日期與本次市場日期一致。
APP,AppLovin Corporation,Adtech,2026-09-01,252,-0.002847,0.003864,0.014580,-0.257231,-0.232470,-0.485263,-0.289708,-0.352874,5191720.333333,4639892.200000,6374268.050000,0.610919,312.459998,309.675998,320.291000,-0.039255,4,False,False,False,False,0.030533,challenger,3,-0.026698,-0.575055,0.030229,14.861187,0.570000,0.260723,undervalued,ok,Forward PEG uses Yahoo forwardPE divided by earningsGrowth percent.,momentum_leader,none,unclear,unclear,needs_review,neutral,deep_pullback,deep_pullback,strong_uptrend,avoid_for_now,3894161,ok,資料日期與本次市場日期一致。
ROKU,Roku Inc.,Adtech,2026-09-01,252,-0.004608,-0.026477,-0.014260,0.055657,0.066443,0.223490,0.653343,0.622470,1991449.333333,2278309.600000,2263937.400000,0.889401,156.997000,157.433499,155.343250,-0.026477,5,False,False,False,False,0.001692,non_leader,3,0.001202,-0.026477,0.944943,39.645680,14.429000,0.027476,undervalued,ok,Forward PEG uses Yahoo forwardPE divided by earningsGrowth percent.,momentum_leader,none,unclear,unclear,needs_review,neutral,very_extended,very_extended,overextended,avoid_for_now,2013548,ok,資料日期與本次市場日期一致。
MGNI,Magnite Inc.,Adtech,2026-09-01,252,-0.020120,-0.041859,-0.066857,0.097315,0.169647,0.541414,0.662309,-0.104810,1711722.666667,1758113.600000,2799523.400000,0.646027,23.364000,23.497000,23.778000,-0.041859,4,False,False,False,False,-0.050904,specialist,3,-0.037345,-0.116898,0.794158,17.757952,0.653000,0.271944,undervalued,ok,Forward PEG uses Yahoo forwardPE divided by earningsGrowth percent.,momentum_leader,none,unclear,unclear,needs_review,reasonable_pullback,neutral,reasonable_pullback,sideways_base,avoid_for_now,1808568,ok,資料日期與本次市場日期一致。
PUBM,PubMatic Inc.,Adtech,2026-09-01,252,-0.004893,-0.016918,-0.062788,0.192815,0.255401,0.351329,0.962606,0.909624,578064.666667,561078.800000,857579.700000,0.599821,16.464000,16.481000,16.583500,-0.032699,4,False,False,False,False,-0.046835,non_leader,3,-0.018904,-0.084927,0.868696,20.036947,,,unavailable,missing_growth,Yahoo Finance earningsGrowth is missing.,momentum_leader,none,unclear,unclear,needs_review,neutral,extended,extended,sideways_base,avoid_for_now,514394,ok,資料日期與本次市場日期一致。
DV,DoubleVerify Holdings Inc.,Adtech,2026-09-01,252,0.001499,0.003003,0.006782,0.119866,0.137021,0.254460,0.314961,-0.162907,1889472.333333,2182543.400000,5351890.850000,0.264807,13.356000,13.331000,13.157000,-0.002985,6,False,True,False,False,0.022735,specialist,3,0.015429,-0.163431,0.645380,11.526979,0.600000,0.192116,undervalued,ok,Forward PEG uses Yahoo forwardPE divided by earningsGrowth percent.,momentum_leader,none,unclear,unclear,needs_review,neutral,neutral,neutral,strong_uptrend,avoid_for_now,1417217,ok,資料日期與本次市場日期一致。
CEG,Constellation Energy Corporation,Nuclear,2026-09-01,252,-0.007436,0.006788,0.050519,0.050480,0.025687,0.029675,-0.133334,-0.082402,2247001.333333,2090900.800000,2533565.200000,0.945349,278.751996,276.558002,274.577489,-0.027053,6,False,True,False,False,0.049797,core_leader,4,0.020878,-0.302198,0.266798,21.010145,-0.468000,,unavailable,invalid_growth,Yahoo Finance earningsGrowth is zero or negative.,neutral,none,policy_driven,policy_or_thematic_support,inferred,neutral,reasonable_pullback,reasonable_pullback,pullback_in_uptrend,not_eligible_industry,2395104,ok,資料日期與本次市場日期一致。
VST,Vistra Corp.,Nuclear,2026-09-01,252,-0.012374,-0.006833,-0.017364,-0.035956,-0.114531,-0.124686,-0.143711,-0.252977,3825193.000000,3574055.800000,4225208.950000,1.007022,138.475998,138.492000,141.155000,-0.049334,5,False,False,False,False,-0.018087,challenger,4,-0.021785,-0.363734,0.043135,13.320972,-0.062000,,unavailable,invalid_growth,Yahoo Finance earningsGrowth is zero or negative.,neutral,none,policy_driven,policy_or_thematic_support,inferred,neutral,deep_pullback,deep_pullback,sideways_base,not_eligible_industry,4254879,ok,資料日期與本次市場日期一致。
CCJ,Cameco Corporation,Nuclear,2026-09-01,252,-0.094705,-0.100037,0.002395,0.034053,0.072893,-0.201228,-0.182783,0.278804,3151897.000000,3128478.200000,2744274.550000,0.778490,101.744002,101.403001,99.224000,-0.103390,4,False,False,False,True,0.001673,core_leader,4,-0.029872,-0.282124,0.356814,51.158398,-0.921000,,unavailable,invalid_growth,Yahoo Finance earningsGrowth is zero or negative.,neutral,none,policy_driven,policy_or_thematic_support,inferred,neutral,reasonable_pullback,reasonable_pullback,pullback_in_uptrend,not_eligible_industry,2136391,ok,資料日期與本次市場日期一致。
UEC,Uranium Energy Corp.,Nuclear,2026-09-01,252,-0.149046,-0.126601,0.057482,0.103810,0.162487,-0.249352,-0.203984,0.055556,9709973.666667,9283964.200000,8030236.050000,1.163007,12.596000,12.430000,11.788500,-0.149046,4,False,False,False,True,0.056759,specialist,4,-0.016838,-0.424528,0.229730,-128.777770,,,unavailable,missing_pe,Yahoo Finance forwardPE is missing or not positive.,neutral,none,policy_driven,policy_or_thematic_support,inferred,neutral,deep_pullback,deep_pullback,pullback_in_uptrend,not_eligible_industry,9339221,ok,資料日期與本次市場日期一致。
LEU,Centrus Energy Corp.,Nuclear,2026-09-01,252,-0.135897,-0.129686,-0.042060,-0.110600,-0.089034,-0.154773,-0.147150,-0.174506,655454.333333,685212.600000,578018.150000,1.073086,179.579999,181.449998,183.845499,-0.135897,4,False,False,False,True,-0.042783,specialist,4,-0.084503,-0.613968,0.074985,44.030586,-0.516000,,unavailable,invalid_growth,Yahoo Finance earningsGrowth is zero or negative.,neutral,none,policy_driven,policy_or_thematic_support,inferred,reasonable_pullback,deep_pullback,deep_pullback,falling_knife,avoid_for_now,620263,ok,資料日期與本次市場日期一致。
SMR,NuScale Power Corporation,Nuclear,2026-09-01,252,-0.054415,-0.061162,0.065972,-0.029505,0.022198,-0.339785,-0.264964,-0.752685,26187303.333333,33674082.000000,33630085.500000,0.521973,9.356000,9.340000,9.390000,-0.061162,4,False,False,False,False,0.065250,emerging_leader,4,-0.019169,-0.827625,0.035340,-14.128366,,,unavailable,missing_pe,Yahoo Finance forwardPE is missing or not positive.,neutral,none,policy_driven,policy_or_thematic_support,inferred,neutral,deep_pullback,deep_pullback,sideways_base,not_eligible_industry,17554010,ok,資料日期與本次市場日期一致。
OKLO,Oklo Inc.,Nuclear,2026-09-01,252,-0.094051,-0.129659,-0.068424,-0.110778,-0.065260,-0.475568,-0.391311,-0.476423,8456802.333333,10684441.400000,9954900.350000,0.781103,40.673999,41.401999,43.016000,-0.129659,5,False,False,False,True,-0.069146,emerging_leader,4,-0.104287,-0.778741,0.012309,-38.369232,,,unavailable,missing_pe,Yahoo Finance forwardPE is missing or not positive.,neutral,none,policy_driven,policy_or_thematic_support,inferred,reasonable_pullback,deep_pullback,deep_pullback,falling_knife,avoid_for_now,7775807,ok,資料日期與本次市場日期一致。
NNE,NANO Nuclear Energy Inc.,Nuclear,2026-09-01,252,-0.091996,-0.091996,-0.042740,-0.038525,-0.006257,-0.428525,-0.328593,-0.464275,1587352.333333,1641931.400000,1739062.850000,0.934962,18.294000,18.521000,18.726500,-0.091996,5,False,False,False,True,-0.043462,emerging_leader,4,-0.067097,-0.691506,0.062036,-17.706020,,,unavailable,missing_pe,Yahoo Finance forwardPE is missing or not positive.,neutral,none,policy_driven,policy_or_thematic_support,inferred,reasonable_pullback,deep_pullback,deep_pullback,falling_knife,avoid_for_now,1625957,ok,資料日期與本次市場日期一致。
GEV,GE Vernova Inc.,Renewables,2026-09-01,252,-0.057977,-0.030430,-0.105522,-0.117817,-0.107503,-0.072892,0.068329,0.553565,2593232.666667,2325899.600000,2037449.900000,1.139855,923.182019,939.506006,982.123508,-0.090059,2,False,False,False,True,-0.025703,infrastructure_leader,3,-0.085115,-0.235202,0.559924,35.832443,0.328000,1.092453,fair,ok,Forward PEG uses Yahoo forwardPE divided by earningsGrowth percent.,weak,none,unclear,unclear,needs_review,reasonable_pullback,neutral,reasonable_pullback,falling_knife,avoid_for_now,2322398,ok,資料日期與本次市場日期一致。
FSLR,First Solar Inc.,Renewables,2026-09-01,252,-0.049738,-0.034668,-0.092541,-0.180520,-0.142139,-0.358059,0.010733,0.019767,1975026.000000,1771535.600000,2231223.900000,0.756212,204.407999,208.790999,220.651000,-0.102293,3,False,False,False,True,-0.012722,core_leader,3,-0.095177,-0.372663,0.111943,8.638021,0.233000,0.370731,undervalued,ok,Forward PEG uses Yahoo forwardPE divided by earningsGrowth percent.,weak,none,unclear,unclear,needs_review,reasonable_pullback,deep_pullback,deep_pullback,falling_knife,avoid_for_now,1687278,ok,資料日期與本次市場日期一致。
NXT,Nextracker Inc.,Renewables,2026-09-01,252,-0.072672,-0.020516,-0.088645,-0.156136,-0.083820,-0.454277,-0.178826,0.245054,2221716.000000,1987369.600000,2101777.400000,1.310771,85.470001,86.304001,93.613000,-0.109531,5,False,False,False,True,-0.008826,challenger,3,-0.112623,-0.468862,0.203541,14.376399,0.029000,4.957379,expensive,ok,Forward PEG uses Yahoo forwardPE divided by earningsGrowth percent.,weak,none,unclear,unclear,needs_review,reasonable_pullback,deep_pullback,deep_pullback,falling_knife,avoid_for_now,2754948,ok,資料日期與本次市場日期一致。
ARRY,Array Technologies Inc.,Renewables,2026-09-01,252,-0.066381,-0.041758,-0.091667,-0.274542,-0.231718,-0.527115,-0.418667,-0.523237,6424977.333333,5881686.400000,7006416.600000,0.835953,4.550000,4.619000,4.924500,-0.113821,2,False,False,False,True,-0.011848,specialist,3,-0.114631,-0.635451,0.000000,4.900363,-0.732000,,unavailable,invalid_growth,Yahoo Finance earningsGrowth is zero or negative.,weak,none,unclear,unclear,needs_review,reasonable_pullback,deep_pullback,deep_pullback,falling_knife,avoid_for_now,5857032,ok,資料日期與本次市場日期一致。
ORA,Ormat Technologies Inc.,Renewables,2026-09-01,252,0.022491,0.009883,-0.020719,0.073217,0.095771,-0.256592,0.014745,0.184378,651600.000000,597740.000000,749035.000000,1.365223,104.144000,105.936000,108.153555,-0.075417,5,True,False,False,False,0.059100,specialist,3,-0.007985,-0.259769,0.316186,40.462060,-0.065000,,unavailable,invalid_growth,Yahoo Finance earningsGrowth is zero or negative.,weak,none,unclear,unclear,needs_review,neutral,reasonable_pullback,reasonable_pullback,early_recovery,not_eligible_industry,1022600,ok,資料日期與本次市場日期一致。
FLNC,Fluence Energy Inc.,Energy Storage,2026-09-01,252,-0.088364,-0.072954,-0.113191,-0.335035,-0.284341,-0.626657,-0.301609,0.503608,4443182.333333,4692209.400000,7494252.350000,0.586029,10.924000,11.152000,12.092750,-0.136703,3,False,False,False,True,-0.057124,emerging_leader,3,-0.138327,-0.676699,0.144035,43.143425,,,unavailable,missing_growth,Yahoo Finance earningsGrowth is missing.,weak,none,unclear,unclear,needs_review,deep_pullback,deep_pullback,deep_pullback,falling_knife,avoid_for_now,4391847,ok,資料日期與本次市場日期一致。
STEM,Stem Inc.,Energy Storage,2026-09-01,252,-0.036842,-0.021390,-0.059932,-0.081940,-0.023132,-0.452096,-0.422105,-0.630054,85257.666667,88154.600000,120248.650000,0.635126,5.602000,5.619000,5.758000,-0.055556,5,False,False,False,False,-0.003864,specialist,3,-0.046544,-0.815710,0.021739,-0.934400,,,unavailable,missing_pe,Yahoo Finance forwardPE is missing or not positive.,weak,none,unclear,unclear,needs_review,reasonable_pullback,deep_pullback,deep_pullback,sideways_base,not_eligible_industry,76373,ok,資料日期與本次市場日期一致。
ENPH,Enphase Energy Inc.,Energy Storage,2026-09-01,252,-0.094522,-0.048460,-0.054284,-0.149150,-0.096823,-0.508641,-0.177315,-0.038940,4152575.000000,4193565.000000,3787816.250000,1.101802,37.375999,37.775000,38.986000,-0.097282,5,False,False,False,True,0.001783,specialist,3,-0.088391,-0.508641,0.203852,15.626924,-0.035000,,unavailable,invalid_growth,Yahoo Finance earningsGrowth is zero or negative.,weak,none,unclear,unclear,needs_review,reasonable_pullback,deep_pullback,deep_pullback,falling_knife,avoid_for_now,4173425,ok,資料日期與本次市場日期一致。
SEDG,SolarEdge Technologies Inc.,Energy Storage,2026-09-01,252,-0.030439,0.087349,0.089537,-0.333675,-0.279920,-0.586167,-0.140704,0.030447,2602119.000000,3395491.400000,3987847.850000,0.635645,32.538000,31.699000,31.903500,-0.083436,5,False,False,False,True,0.145604,specialist,3,0.018384,-0.586167,0.080336,33.502792,,,unavailable,missing_growth,Yahoo Finance earningsGrowth is missing.,weak,none,unclear,unclear,needs_review,neutral,deep_pullback,deep_pullback,strong_uptrend,not_eligible_industry,2534857,ok,資料日期與本次市場日期一致。
GNRC,Generac Holdings Inc.,Energy Storage,2026-09-01,252,-0.080440,-0.100902,-0.142465,-0.170196,-0.098355,-0.362499,-0.179874,0.010640,1483683.333333,1463610.000000,1008667.500000,0.940003,190.901999,198.338998,206.840999,-0.139415,2,False,False,False,True,-0.086398,specialist,3,-0.122901,-0.386141,0.283031,15.348264,0.920000,0.166829,undervalued,ok,Forward PEG uses Yahoo forwardPE divided by earningsGrowth percent.,weak,none,unclear,unclear,needs_review,deep_pullback,reasonable_pullback,deep_pullback,falling_knife,avoid_for_now,948150,ok,資料日期與本次市場日期一致。
ISRG,Intuitive Surgical Inc.,Robotics Automation,2026-09-01,252,0.005939,-0.006965,-0.056061,0.002661,-0.016409,-0.082153,-0.257670,-0.212804,1853825.000000,1802695.000000,2406303.750000,0.763692,371.240002,375.262003,382.675500,-0.077064,4,False,False,False,False,0.015952,core_leader,4,-0.035083,-0.377161,0.142737,30.590273,0.265000,1.154350,fair,ok,Forward PEG uses Yahoo forwardPE divided by earningsGrowth percent.,weak,none,unclear,unclear,needs_review,reasonable_pullback,deep_pullback,deep_pullback,sideways_base,not_eligible_industry,1837675,ok,資料日期與本次市場日期一致。
TER,Teradyne Inc.,Robotics Automation,2026-09-01,252,-0.098371,-0.084518,-0.170249,-0.168748,-0.082941,-0.145586,0.103105,1.788481,2289969.666667,2306881.800000,2518215.450000,1.018741,355.083997,364.528995,381.150999,-0.124468,3,False,False,False,True,-0.098236,specialist,4,-0.119876,-0.306672,0.600887,28.788746,3.858000,0.074621,undervalued,ok,Forward PEG uses Yahoo forwardPE divided by earningsGrowth percent.,weak,none,unclear,unclear,needs_review,reasonable_pullback,neutral,reasonable_pullback,falling_knife,avoid_for_now,2565409,ok,資料日期與本次市場日期一致。
SYM,Symbotic Inc.,Robotics Automation,2026-09-01,252,-0.070977,-0.054194,-0.055363,-0.194690,-0.166412,-0.221430,-0.274350,-0.161658,1766814.666667,1537908.800000,1806387.200000,1.333736,39.903000,40.526500,41.093250,-0.090433,5,False,False,False,True,0.016650,emerging_leader,4,-0.069920,-0.562199,0.000000,49.341595,,,unavailable,missing_growth,Yahoo Finance earningsGrowth is missing.,weak,none,unclear,unclear,needs_review,reasonable_pullback,deep_pullback,deep_pullback,falling_knife,avoid_for_now,2409244,ok,資料日期與本次市場日期一致。
ROK,Rockwell Automation Inc.,Robotics Automation,2026-09-01,252,-0.035727,-0.027643,-0.037217,-0.059326,-0.129244,-0.096230,0.054224,0.252413,815179.333333,711007.600000,731296.900000,1.148559,427.513995,429.845996,436.358658,-0.044729,3,False,False,False,False,0.034796,core_leader,4,-0.043150,-0.154043,0.537012,28.147050,0.404000,0.696709,undervalued,ok,Forward PEG uses Yahoo forwardPE divided by earningsGrowth percent.,weak,none,unclear,unclear,needs_review,reasonable_pullback,neutral,reasonable_pullback,sideways_base,not_eligible_industry,839938,ok,資料日期與本次市場日期一致。
CGNX,Cognex Corporation,Robotics Automation,2026-09-01,252,-0.045895,0.004346,-0.051185,-0.158776,-0.107884,-0.089523,0.123767,0.365916,1391397.666667,1352618.600000,2278839.650000,0.638129,61.238000,60.537500,62.730185,-0.045895,5,False,False,False,False,0.020828,specialist,4,-0.042247,-0.169230,0.675072,29.680862,0.792000,0.374758,undervalued,ok,Forward PEG uses Yahoo forwardPE divided by earningsGrowth percent.,weak,none,unclear,unclear,needs_review,reasonable_pullback,neutral,reasonable_pullback,sideways_base,not_eligible_industry,1454193,ok,資料日期與本次市場日期一致。
ZBRA,Zebra Technologies Corporation,Robotics Automation,2026-09-01,252,-0.048212,-0.046655,-0.062005,-0.068134,0.178508,0.350810,0.524980,0.119289,587402.000000,561361.200000,666170.300000,0.996751,354.929999,358.214996,366.235997,-0.067325,3,False,False,False,False,0.010008,specialist,4,-0.061534,-0.102751,0.785808,15.454373,1.215000,0.127196,undervalued,ok,Forward PEG uses Yahoo forwardPE divided by earningsGrowth percent.,weak,none,unclear,unclear,needs_review,reasonable_pullback,neutral,reasonable_pullback,sideways_base,not_eligible_industry,664006,ok,資料日期與本次市場日期一致。
IONQ,IonQ Inc.,Quantum Computing,2026-09-01,252,-0.110221,-0.101546,-0.143699,-0.094439,-0.027542,-0.470868,0.019703,-0.121191,24247891.333333,20146114.800000,19607323.700000,0.713875,39.756000,41.164000,42.454500,-0.157824,4,False,False,False,True,0.000000,emerging_leader,3,-0.110106,-0.539773,0.201622,-31.101560,,,unavailable,missing_pe,Yahoo Finance forwardPE is missing or not positive.,weak,none,unclear,unclear,needs_review,reasonable_pullback,deep_pullback,deep_pullback,falling_knife,avoid_for_now,13997174,ok,資料日期與本次市場日期一致。
XYZ,Block Inc.,Fintech,2026-09-01,252,-0.082145,-0.058511,-0.019514,-0.079868,-0.051285,0.050303,0.238156,0.021645,4906608.333333,4744005.000000,4915326.250000,1.048827,82.283998,81.868999,81.141999,-0.082145,5,False,False,False,True,-0.036836,challenger,3,-0.040201,-0.082145,0.805089,15.071351,-0.833000,,unavailable,invalid_growth,Yahoo Finance earningsGrowth is zero or negative.,momentum_leader,none,unclear,unclear,needs_review,reasonable_pullback,neutral,reasonable_pullback,falling_knife,avoid_for_now,5155325,ok,資料日期與本次市場日期一致。
PYPL,PayPal Holdings Inc.,Fintech,2026-09-01,252,-0.147552,-0.158503,-0.132881,-0.104886,-0.094522,0.180614,0.136954,-0.236768,22042504.333333,17341682.600000,11665985.650000,0.850062,56.401001,59.105500,59.412750,-0.158908,4,False,False,False,True,-0.150203,core_leader,3,-0.118034,-0.305743,0.370227,9.052792,-0.031000,,unavailable,invalid_growth,Yahoo Finance earningsGrowth is zero or negative.,momentum_leader,none,unclear,unclear,needs_review,reasonable_pullback,reasonable_pullback,reasonable_pullback,falling_knife,avoid_for_now,9916813,ok,資料日期與本次市場日期一致。
HOOD,Robinhood Markets Inc.,Fintech,2026-09-01,252,-0.056942,-0.076546,0.130886,0.106940,0.145783,0.174115,0.360720,0.026478,18379252.666667,16469791.600000,18292272.900000,1.231310,106.176001,104.559000,99.445500,-0.076546,5,False,False,False,False,0.113565,emerging_leader,3,0.040872,-0.321068,0.439290,31.558313,0.476000,0.662990,undervalued,ok,Forward PEG uses Yahoo forwardPE divided by earningsGrowth percent.,momentum_leader,none,unclear,unclear,needs_review,neutral,reasonable_pullback,reasonable_pullback,pullback_in_uptrend,avoid_for_now,22523458,ok,資料日期與本次市場日期一致。
COIN,Coinbase Global Inc.,Fintech,2026-09-01,252,-0.072882,-0.055247,0.209191,0.173091,0.206963,0.016265,-0.030379,-0.417512,9703537.666667,8925462.600000,9640040.650000,0.869655,183.216000,180.176001,164.805500,-0.072882,6,False,False,False,False,0.191870,challenger,3,0.072901,-0.543419,0.145138,61.912200,,,unavailable,missing_growth,Yahoo Finance earningsGrowth is missing.,momentum_leader,none,unclear,unclear,needs_review,neutral,deep_pullback,deep_pullback,pullback_in_uptrend,avoid_for_now,8383513,ok,資料日期與本次市場日期一致。
SOFI,SoFi Technologies Inc.,Fintech,2026-09-01,252,-0.111053,-0.102632,-0.034541,-0.088235,-0.054354,-0.038895,-0.083826,-0.315536,41267766.000000,39592939.600000,44474069.900000,0.933744,18.202000,18.350000,18.248000,-0.111053,4,False,False,False,True,-0.051863,emerging_leader,3,-0.065651,-0.470661,0.111372,20.736542,0.404000,0.513281,undervalued,ok,Forward PEG uses Yahoo forwardPE divided by earningsGrowth percent.,momentum_leader,none,unclear,unclear,needs_review,reasonable_pullback,deep_pullback,deep_pullback,falling_knife,avoid_for_now,41527398,ok,資料日期與本次市場日期一致。
AFRM,Affirm Holdings Inc.,Fintech,2026-09-01,252,-0.097432,-0.102701,-0.049211,-0.104711,-0.075235,-0.015068,0.462262,-0.149355,16209641.333333,12041084.800000,5067681.200000,1.549471,75.220000,76.033500,76.051500,-0.102701,5,False,False,False,True,-0.066533,specialist,3,-0.080360,-0.241267,0.552065,14.420560,21.869000,0.006594,undervalued,ok,Forward PEG uses Yahoo forwardPE divided by earningsGrowth percent.,momentum_leader,none,unclear,unclear,needs_review,reasonable_pullback,neutral,reasonable_pullback,falling_knife,avoid_for_now,7852224,ok,資料日期與本次市場日期一致。
NFLX,Netflix Inc.,Consumer Platforms,2026-09-01,252,0.012149,-0.017269,0.039090,0.098410,0.102005,-0.030241,-0.172876,-0.334410,26893579.666667,26146007.800000,27849706.950000,0.748562,80.975999,80.707000,78.229000,-0.029065,4,False,False,False,False,0.030029,core_leader,4,0.032993,-0.360301,0.224947,21.149412,0.111000,1.905352,fair,ok,Forward PEG uses Yahoo forwardPE divided by earningsGrowth percent.,neutral,none,unclear,unclear,needs_review,neutral,deep_pullback,deep_pullback,pullback_in_uptrend,not_eligible_industry,20847239,ok,資料日期與本次市場日期一致。
AMZN,Amazon.com Inc.,Consumer Platforms,2026-09-01,252,-0.005229,-0.023519,-0.017460,-0.081105,-0.102458,-0.006237,0.221291,0.131268,42350838.666667,36901743.200000,34085070.800000,0.921686,259.531998,260.536998,264.546999,-0.043201,3,False,False,False,False,-0.026520,core_leader,5,-0.036391,-0.102458,0.658571,24.526207,2.423000,0.101222,undervalued,ok,Forward PEG uses Yahoo forwardPE divided by earningsGrowth percent.,neutral,none,unclear,unclear,needs_review,reasonable_pullback,neutral,reasonable_pullback,sideways_base,not_eligible_industry,31415716,ok,資料日期與本次市場日期一致。
GOOGL,Alphabet Inc.,Consumer Platforms,2026-09-01,252,-0.016527,-0.034413,-0.026671,-0.112882,-0.103050,-0.073594,0.105001,0.589665,26621410.333333,24735186.200000,23406996.550000,0.898169,340.721997,342.884000,346.431998,-0.037465,4,False,False,False,False,-0.035731,core_leader,5,-0.032942,-0.167403,0.648493,22.594244,2.940000,0.076851,undervalued,ok,Forward PEG uses Yahoo forwardPE divided by earningsGrowth percent.,neutral,none,unclear,unclear,needs_review,reasonable_pullback,neutral,reasonable_pullback,sideways_base,not_eligible_industry,21023431,ok,資料日期與本次市場日期一致。
META,Meta Platforms Inc.,Consumer Platforms,2026-09-01,252,0.013027,0.014893,0.064138,-0.015988,-0.019822,-0.031046,-0.115265,-0.210409,14931795.666667,18286617.400000,15269374.350000,1.006537,575.228003,564.697009,574.404498,-0.009827,7,False,True,False,False,0.055078,core_leader,5,0.007200,-0.256090,0.211143,16.548788,-0.134000,,unavailable,invalid_growth,Yahoo Finance earningsGrowth is zero or negative.,neutral,none,unclear,unclear,needs_review,neutral,deep_pullback,deep_pullback,strong_uptrend,not_eligible_industry,15369187,ok,資料日期與本次市場日期一致。
UBER,Uber Technologies Inc.,Consumer Platforms,2026-09-01,252,-0.022222,-0.063597,0.007768,0.045145,0.050691,0.050544,-0.014667,-0.189311,13455695.000000,13856037.000000,19112374.250000,0.583836,77.029999,78.018000,76.363000,-0.063597,6,False,False,False,False,-0.001292,core_leader,4,-0.014706,-0.248352,0.272248,17.135595,0.855000,0.200416,undervalued,ok,Forward PEG uses Yahoo forwardPE divided by earningsGrowth percent.,neutral,none,unclear,unclear,needs_review,neutral,reasonable_pullback,reasonable_pullback,pullback_in_uptrend,not_eligible_industry,11158485,ok,資料日期與本次市場日期一致。
ABNB,Airbnb Inc.,Consumer Platforms,2026-09-01,252,-0.010060,-0.041759,-0.003847,0.217616,0.211796,0.358727,0.372106,0.430716,5577353.666667,4978812.200000,5846793.050000,0.736192,185.532999,186.706500,181.538500,-0.041759,5,False,False,False,False,-0.012907,challenger,4,0.005544,-0.041759,0.899253,29.731085,0.334000,0.890152,undervalued,ok,Forward PEG uses Yahoo forwardPE divided by earningsGrowth percent.,neutral,none,unclear,unclear,needs_review,neutral,extended,extended,sideways_base,not_eligible_industry,4304361,ok,資料日期與本次市場日期一致。
DASH,DoorDash Inc.,Consumer Platforms,2026-09-01,252,-0.026866,-0.033576,0.043032,0.115086,0.125486,0.437783,0.286105,-0.075543,3290500.666667,3664160.400000,4567515.100000,0.768230,232.592001,229.159001,221.254001,-0.047567,7,False,False,False,False,0.033972,challenger,4,0.019914,-0.199049,0.585023,27.711601,-0.300000,,unavailable,invalid_growth,Yahoo Finance earningsGrowth is zero or negative.,neutral,none,unclear,unclear,needs_review,neutral,neutral,neutral,sideways_base,not_eligible_industry,3508902,ok,資料日期與本次市場日期一致。
SPOT,Spotify Technology S.A.,Consumer Platforms,2026-09-01,252,0.032053,-0.015238,0.053982,0.137984,0.118891,0.085045,0.046523,-0.210942,1451778.000000,1472966.800000,1725676.700000,0.718115,542.512012,540.319006,518.543007,-0.045822,6,False,False,False,False,0.044922,challenger,4,0.049383,-0.263199,0.403340,30.269808,,,unavailable,missing_growth,Yahoo Finance earningsGrowth is missing.,neutral,none,unclear,unclear,needs_review,neutral,reasonable_pullback,reasonable_pullback,pullback_in_uptrend,not_eligible_industry,1239234,ok,資料日期與本次市場日期一致。
PINS,Pinterest Inc.,Consumer Platforms,2026-09-01,252,-0.071241,-0.101860,-0.078491,-0.169273,-0.120447,0.018208,0.112565,-0.421454,13224073.000000,11516563.800000,10685825.950000,0.916113,22.468000,22.949000,23.219500,-0.101860,5,False,False,False,True,-0.087551,non_leader,4,-0.084821,-0.440053,0.258766,8.838258,,,unavailable,missing_growth,Yahoo Finance earningsGrowth is missing.,neutral,none,unclear,unclear,needs_review,reasonable_pullback,reasonable_pullback,reasonable_pullback,falling_knife,avoid_for_now,9789419,ok,資料日期與本次市場日期一致。
AAPL,Apple Inc.,Consumer Hardware,2026-09-01,252,0.033537,0.049145,0.048705,0.051815,0.072475,0.032393,0.234920,0.420560,44108170.333333,39753642.200000,40589430.550000,1.291775,317.942004,314.742999,311.279642,-0.023609,6,True,True,False,False,0.000000,core_leader,5,0.044495,-0.043136,0.871240,34.088505,0.287000,1.187753,fair,ok,Forward PEG uses Yahoo forwardPE divided by earningsGrowth percent.,momentum_leader,none,unclear,unclear,needs_review,neutral,extended,extended,early_recovery,too_extended,52432411,ok,資料日期與本次市場日期一致。
TSLA,Tesla Inc.,Electric Vehicles,2026-09-01,252,0.003608,0.016674,0.057055,0.087796,0.105595,-0.159650,-0.092602,0.081157,43567516.666667,37882350.000000,34485827.500000,1.043851,354.684003,353.173001,342.549498,-0.046960,5,False,False,False,False,0.000000,core_leader,4,0.039529,-0.273108,0.301576,164.964920,-0.030000,,unavailable,invalid_growth,Yahoo Finance earningsGrowth is zero or negative.,momentum_leader,momentum_exhaustion,unclear,unclear,needs_review,neutral,reasonable_pullback,reasonable_pullback,pullback_in_uptrend,research_candidate,35998050,ok,資料日期與本次市場日期一致。
JNJ,Johnson & Johnson,Defensive Healthcare,2026-09-01,252,0.020394,-0.007139,0.005229,0.069029,0.071214,0.222700,0.110820,0.557349,6542923.333333,6829814.000000,6368233.500000,0.936377,268.170001,269.272977,264.604989,-0.026983,6,False,False,False,False,-0.023308,core_leader,4,0.024886,-0.007139,0.981034,21.845497,-0.009000,,unavailable,invalid_growth,Yahoo Finance earningsGrowth is zero or negative.,momentum_leader,none,defensive_rotation,defensive_rotation,inferred,neutral,very_extended,very_extended,overextended,too_extended,5963070,ok,資料日期與本次市場日期一致。
MRK,Merck & Co. Inc.,Defensive Healthcare,2026-09-01,252,0.002140,-0.042122,0.108678,0.170781,0.172889,0.305125,0.268928,0.811770,9545974.000000,9157624.400000,11100306.100000,0.850988,149.722000,150.946001,141.576500,-0.055545,4,False,False,False,False,0.080142,core_leader,4,0.058509,-0.042122,0.918257,15.703888,,,unavailable,missing_growth,Yahoo Finance earningsGrowth is missing.,momentum_leader,none,defensive_rotation,defensive_rotation,inferred,neutral,extended,extended,sideways_base,too_extended,9446222,ok,資料日期與本次市場日期一致。
PFE,Pfizer Inc.,Defensive Healthcare,2026-09-01,252,0.018915,-0.000700,0.047706,0.123573,0.140631,0.136965,0.110947,0.223069,37889689.333333,35982693.600000,37276778.400000,1.088156,28.257999,28.193000,27.419500,-0.021351,5,False,False,False,False,0.019170,specialist,4,0.041230,-0.000700,0.996931,9.860468,,,unavailable,missing_growth,Yahoo Finance earningsGrowth is missing.,momentum_leader,none,defensive_rotation,defensive_rotation,inferred,neutral,very_extended,very_extended,overextended,too_extended,40562968,ok,資料日期與本次市場日期一致。
ABBV,AbbVie Inc.,Defensive Healthcare,2026-09-01,252,0.007128,-0.021822,0.004132,0.066407,0.060751,0.215602,0.128935,0.264891,3784793.333333,3884276.000000,4414604.000000,0.864173,258.587997,261.600996,255.423499,-0.039441,5,False,False,False,False,-0.024404,core_leader,4,0.017878,-0.022484,0.914553,15.967919,2.904000,0.054986,undervalued,ok,Forward PEG uses Yahoo forwardPE divided by earningsGrowth percent.,momentum_leader,none,defensive_rotation,defensive_rotation,inferred,neutral,extended,extended,sideways_base,too_extended,3814980,ok,資料日期與本次市場日期一致。
UNH,UnitedHealth Group Inc.,Defensive Healthcare,2026-09-01,252,0.003164,-0.000731,0.006016,-0.027604,-0.045888,0.054624,0.388825,0.317725,3953594.666667,3817196.800000,4086129.200000,0.895049,394.944000,393.363998,398.214998,-0.028927,4,False,False,False,False,-0.022520,core_leader,4,-0.004809,-0.091784,0.776008,17.664072,0.615000,0.287221,undervalued,ok,Forward PEG uses Yahoo forwardPE divided by earningsGrowth percent.,momentum_leader,none,defensive_rotation,defensive_rotation,inferred,neutral,neutral,neutral,sideways_base,research_candidate,3657284,ok,資料日期與本次市場日期一致。
MDT,Medtronic plc,Defensive Healthcare,2026-09-01,252,0.023008,0.009875,-0.000543,0.067749,0.061837,0.259260,-0.031861,0.018243,12605205.000000,10326523.000000,7461340.750000,2.508800,91.182001,91.973000,90.709500,-0.044194,5,True,False,False,False,-0.029079,specialist,4,0.014668,-0.104726,0.637686,14.376264,0.183000,0.785588,undervalued,ok,Forward PEG uses Yahoo forwardPE divided by earningsGrowth percent.,momentum_leader,none,defensive_rotation,defensive_rotation,inferred,neutral,neutral,neutral,early_recovery,avoid_for_now,18719015,ok,資料日期與本次市場日期一致。
PG,Procter & Gamble Co.,Defensive Staples,2026-09-01,252,0.021448,0.005571,0.019240,-0.012161,0.008554,0.046026,-0.070807,-0.047348,8802168.333333,8494561.000000,9207315.250000,0.916630,144.650000,144.728000,144.897500,-0.023602,6,False,False,False,False,0.038079,core_leader,4,0.009058,-0.112376,0.376457,19.758644,-0.155000,,unavailable,invalid_growth,Yahoo Finance earningsGrowth is zero or negative.,weak,none,defensive_rotation,defensive_rotation,inferred,neutral,reasonable_pullback,reasonable_pullback,sideways_base,not_eligible_industry,8439705,ok,資料日期與本次市場日期一致。
KO,The Coca-Cola Company,Defensive Staples,2026-09-01,252,-0.011902,-0.039721,-0.009232,0.016636,0.013125,0.129552,0.123987,0.310342,15840847.333333,15621808.400000,13914097.100000,0.996870,89.094000,90.105000,88.638500,-0.043374,5,False,False,False,False,0.009606,core_leader,4,-0.007203,-0.043374,0.855638,24.954770,0.169000,1.476614,fair,ok,Forward PEG uses Yahoo forwardPE divided by earningsGrowth percent.,weak,none,defensive_rotation,defensive_rotation,inferred,neutral,extended,extended,sideways_base,not_eligible_industry,13870542,ok,資料日期與本次市場日期一致。
PEP,PepsiCo Inc.,Defensive Staples,2026-09-01,252,0.000501,-0.017432,-0.002426,0.004960,0.001146,-0.005206,-0.135754,-0.032974,5787395.000000,6436097.000000,6359014.250000,0.839986,140.622000,141.819000,140.452500,-0.034216,4,False,False,False,False,0.016412,core_leader,4,-0.004717,-0.164040,0.164659,15.574809,1.370000,0.113685,undervalued,ok,Forward PEG uses Yahoo forwardPE divided by earningsGrowth percent.,weak,none,defensive_rotation,defensive_rotation,inferred,neutral,deep_pullback,deep_pullback,sideways_base,not_eligible_industry,5341485,ok,資料日期與本次市場日期一致。
WMT,Walmart Inc.,Defensive Staples,2026-09-01,252,0.032057,0.005124,-0.078354,-0.048197,-0.040976,-0.060909,-0.166644,0.091587,25194055.333333,26761633.200000,27532618.300000,0.798059,104.169998,105.403900,109.501471,-0.099950,5,True,False,False,True,-0.059516,core_leader,4,-0.032707,-0.208841,0.241189,32.782726,-0.091000,,unavailable,invalid_growth,Yahoo Finance earningsGrowth is zero or negative.,weak,none,defensive_rotation,defensive_rotation,inferred,reasonable_pullback,deep_pullback,deep_pullback,early_recovery,avoid_for_now,21972666,ok,資料日期與本次市場日期一致。
COST,Costco Wholesale Corporation,Defensive Staples,2026-09-01,252,0.005671,-0.020885,-0.022250,-0.008324,-0.014800,-0.013430,-0.064449,0.007056,1758338.666667,1747243.200000,1715775.800000,0.863234,944.019995,948.975000,950.657999,-0.037822,3,False,False,False,False,-0.003411,core_leader,4,-0.011253,-0.139690,0.380383,41.481518,0.455000,0.911682,undervalued,ok,Forward PEG uses Yahoo forwardPE divided by earningsGrowth percent.,weak,none,defensive_rotation,defensive_rotation,inferred,neutral,reasonable_pullback,reasonable_pullback,sideways_base,not_eligible_industry,1481116,ok,資料日期與本次市場日期一致。
CL,Colgate-Palmolive Company,Defensive Staples,2026-09-01,252,-0.014622,-0.018614,-0.020009,-0.031341,-0.002781,0.021228,-0.050319,0.088652,4422373.333333,4049844.000000,4024736.000000,1.081343,90.643999,90.875000,91.631499,-0.031551,3,False,False,False,False,-0.001170,specialist,4,-0.021843,-0.085091,0.657303,21.818296,-0.055000,,unavailable,invalid_growth,Yahoo Finance earningsGrowth is zero or negative.,weak,none,defensive_rotation,defensive_rotation,inferred,neutral,neutral,neutral,sideways_base,not_eligible_industry,4352120,ok,資料日期與本次市場日期一致。
SPY,SPDR S&P 500 ETF Trust,Market ETFs,2026-09-01,252,-0.012087,-0.005392,-0.007388,-0.012381,0.005425,0.005493,0.125672,0.202962,38555840.333333,35795244.200000,37249291.050000,1.076864,767.071997,766.211987,769.207495,-0.012087,5,False,False,False,False,-0.001941,non_leader,5,-0.009656,-0.020697,0.890873,,,,unavailable,missing_pe,Yahoo Finance forwardPE is missing or not positive.,weak,none,unclear,unclear,needs_review,neutral,extended,extended,sideways_base,not_eligible_industry,40112421,ok,資料日期與本次市場日期一致。
QQQ,Invesco QQQ Trust,Market ETFs,2026-09-01,252,-0.018679,-0.004334,-0.013756,-0.022394,0.010813,-0.050582,0.179080,0.257113,33584046.333333,29973607.800000,31343006.950000,1.097838,714.662000,713.079999,717.966003,-0.018679,5,False,False,False,False,-0.008309,non_leader,5,-0.014382,-0.050582,0.799115,,,,unavailable,missing_pe,Yahoo Finance forwardPE is missing or not positive.,weak,none,unclear,unclear,needs_review,neutral,neutral,neutral,sideways_base,not_eligible_industry,34409539,ok,資料日期與本次市場日期一致。
IWM,iShares Russell 2000 ETF,Market ETFs,2026-09-01,252,-0.030819,-0.028941,-0.032175,-0.036923,-0.019074,-0.001368,0.125517,0.255186,20878974.333333,17370264.600000,16689381.150000,1.360190,295.797998,297.554001,299.584000,-0.036955,4,False,False,False,False,-0.026728,non_leader,5,-0.030088,-0.047592,0.813108,,,,unavailable,missing_pe,Yahoo Finance forwardPE is missing or not positive.,weak,none,unclear,unclear,needs_review,reasonable_pullback,neutral,reasonable_pullback,sideways_base,not_eligible_industry,22700723,ok,資料日期與本次市場日期一致。
DIA,SPDR Dow Jones Industrial Average ETF Trust,Market ETFs,2026-09-01,252,-0.013957,-0.013994,-0.008862,-0.022653,-0.005708,0.030599,0.094583,0.181261,2496071.666667,2349963.000000,2945235.750000,1.048478,532.765991,532.584033,534.861835,-0.013994,5,False,False,False,False,-0.003414,non_leader,5,-0.013297,-0.026938,0.847709,,,,unavailable,missing_pe,Yahoo Finance forwardPE is missing or not positive.,weak,none,unclear,unclear,needs_review,neutral,extended,extended,sideways_base,not_eligible_industry,3088015,ok,資料日期與本次市場日期一致。
VTI,Vanguard Total Stock Market ETF,Market ETFs,2026-09-01,252,-0.014345,-0.007880,-0.010210,-0.014836,0.003558,0.005047,0.124201,0.201148,3025253.666667,2847292.200000,3045203.050000,1.010856,378.308002,378.156998,379.774998,-0.014345,5,False,False,False,False,-0.004763,non_leader,5,-0.012126,-0.023757,0.875806,,,,unavailable,missing_pe,Yahoo Finance forwardPE is missing or not positive.,weak,none,unclear,unclear,needs_review,neutral,extended,extended,sideways_base,not_eligible_industry,3078261,ok,資料日期與本次市場日期一致。
VOO,Vanguard S&P 500 ETF,Market ETFs,2026-09-01,252,-0.011951,-0.005312,-0.007258,-0.012271,0.005572,0.005813,0.125961,0.203565,6760789.666667,6837173.800000,6179873.450000,1.046052,705.072009,704.284009,707.051007,-0.011951,5,False,False,False,False,-0.001811,non_leader,5,-0.009576,-0.020519,0.891899,,,,unavailable,missing_pe,Yahoo Finance forwardPE is missing or not positive.,weak,none,unclear,unclear,needs_review,neutral,extended,extended,sideways_base,not_eligible_industry,6464469,ok,資料日期與本次市場日期一致。
EWT,iShares MSCI Taiwan ETF,Market ETFs,2026-09-01,252,0.010218,0.041176,0.051250,0.073672,0.120024,0.024554,0.539346,0.977291,4159557.000000,4676934.200000,3937238.550000,1.117553,108.137999,106.249000,105.416000,-0.013085,7,True,True,False,False,0.056697,non_leader,5,0.041018,-0.016050,0.968053,,,,unavailable,missing_pe,Yahoo Finance forwardPE is missing or not positive.,weak,none,unclear,unclear,needs_review,neutral,very_extended,very_extended,overextended,not_eligible_industry,4400071,ok,資料日期與本次市場日期一致。
VUAA.L,Vanguard S&P 500 UCITS ETF USD Acc,Market ETFs,2026-09-01,253,-0.002293,-0.000270,-0.015180,0.010797,0.030514,0.012596,0.121966,0.193481,184631.000000,159492.800000,186175.200000,1.319370,148.743997,148.675999,149.188999,-0.014261,6,False,False,False,False,-0.009732,non_leader,5,-0.008506,-0.016489,0.912430,,,,unavailable,missing_pe,Yahoo Finance forwardPE is missing or not positive.,weak,none,unclear,unclear,needs_review,neutral,extended,extended,sideways_base,not_eligible_industry,245634,ok,資料日期與本次市場日期一致。
